,Compound Score,Negative Score,Neutral Score,News Organization,Positive Score,Tweet,Tweet Number
0,0.7964,0.0,0.728,@BBC,0.272,"Gary Barlow and his ten-piece band perform songs including Greatest Day, Back for Good and Rule the World against t‚Ä¶ https://t.co/xAcRAKlkmn",0
1,0.8268,0.0,0.688,@BBC,0.312,"The world's greatest classical musical festival is back! üé∂üéªüëè @bbcproms 2018

First Night of the Proms | 8:30pm |‚Ä¶ https://t.co/JKCkC5EMMs",1
2,0.0,0.0,1.0,@BBC,0.0,"RT @BBCSport: This is some semi-final.

Watch Kevin Anderson and John Isner live on @BBCTwo and online.

https://t.co/gmKgD0Vwbx https://t.‚Ä¶",2
3,-0.7876,0.331,0.669,@BBC,0.0,"When someone gets sassy but you've got a killer comeback... üòÇüëè @robbrydon #WILTY

https://t.co/cmdBgsfTm1",3
4,0.9022,0.0,0.643,@BBC,0.357,"The best time to plant a tree was 20 years ago. The second best time is now. üå≥

Eight Chinese proverbs to help with‚Ä¶ https://t.co/zqSO489S8G",4
5,-0.0516,0.062,0.938,@BBC,0.0,"When your colleagues ask why you need to leave work at 5pm on the dot... üç∑üíÉ

#FridayFeeling #Versailles https://t.co/Tmba34H72w",5
6,0.0,0.0,1.0,@BBC,0.0,RT @BBCNews: Downton Abbey film finally confirmed https://t.co/VcQvk7lFJb,6
7,0.0382,0.0,0.943,@BBC,0.057,"""I can't pay you, but you can use the photos in your portfolio."" üôÑ  

Every photographer can relate to this. 

https://t.co/AIriphAyym",7
8,-0.7579,0.427,0.418,@BBC,0.155,"The secret to a long, happy relationship? 

Lying, lying and more lying. ‚ù§Ô∏èÔ∏èüòÇ @rhysnicholson

https://t.co/K0t1XAHovC",8
9,0.3182,0.0,0.881,@BBC,0.119,"The original 1926 map of The Hundred Acre Wood from Winnie-the-Pooh has sold for a record ¬£430,000. üìñüçØ‚Ä¶ https://t.co/YoDZxpIlLe",9
10,0.0,0.0,1.0,@BBC,0.0,RT @bbcproms: A Spectacular curtain raiser last night by @AnnaHMeredith &amp; @59productions  commissioned by @bbcproms @edintfest @1418NOW  in‚Ä¶,10
11,0.0,0.0,1.0,@BBC,0.0,RT @BBCTheOneShow: It's @ChrisGPackham UK Bioblitz 2018. Over ten days Chris &amp; his team will visit 50 wildlife sites in the UK to highlight‚Ä¶,11
12,0.0,0.0,1.0,@BBC,0.0,"Who is the mysterious Hester Appleyard?

Natalie Dormer spills the beans on her enigmatic role in‚Ä¶ https://t.co/6oHcD9SONr",12
13,0.1779,0.0,0.909,@BBC,0.091,"""I think the NHS is one of the biggest assets we have in this country,"" says @JonniePeacock.‚Ä¶ https://t.co/PTiCP0xeHc",13
14,0.0,0.0,1.0,@BBC,0.0,"‚ö†Ô∏è Watch out! ‚ö†Ô∏è Today is Friday the 13th...

üìÜüò∞ But why is this date considered unlucky?

https://t.co/RJelR8Rw6p",14
15,-0.0772,0.071,0.929,@BBC,0.0,"üò∫üé¨ Meet Lisio, the ginger cat who jumped onto his owner's shoulders during a serious TV interview.

üëâ‚Ä¶ https://t.co/7DmhNcHnU6",15
16,0.6249,0.0,0.785,@BBC,0.215,"Great Britain's John Curry was the world's first out gay Olympian. This is his story. ‚õ∏

https://t.co/8kFobV3AWe",16
17,-0.0258,0.215,0.539,@BBC,0.246,Not all heroes wear capes. This Australian diving doctor abandoned his holiday to stay with the boys trapped in a c‚Ä¶ https://t.co/BRaTqIJP19,17
18,0.0,0.0,1.0,@BBC,0.0,"Orkney‚Äôs mysterious stone circles are older than Stonehenge... 

https://t.co/Cbuq22PkVm",18
19,0.6597,0.178,0.512,@BBC,0.31,"RT @BBCOne: Love and trust, shattered by secrets and lies. Keeping Faith from @BBCWales starring @TeamEveMyles starts tonight at 9pm on BBC‚Ä¶",19
20,0.4404,0.0,0.854,@BBC,0.146,"The university access watchdog says students' backgrounds should be taken into account when awarding places, to imp‚Ä¶ https://t.co/q9vW9zt46B",20
21,0.0,0.0,1.0,@BBC,0.0,"Why are more parents around the world choosing to raise only children?

https://t.co/bWil43TvES",21
22,-0.3182,0.087,0.913,@BBC,0.0,"RT @BBCFOUR: Dr Lucy Worsley shows how Britain's new ruling family fought the French, the Jacobites and each other, all at the same time. T‚Ä¶",22
23,0.0,0.0,1.0,@BBC,0.0,Meet the people getting the @bbcproms off to a spectacular start. üòçüé∂üéª https://t.co/rD5I0XXrLz https://t.co/5im1Tokqsr,23
24,0.0,0.0,1.0,@BBC,0.0,"‚ôªÔ∏èü•õMeet the schoolchildren who redesigned their milk cartons without plastic straws. 

Their school now uses fully‚Ä¶ https://t.co/hK4M1UtcHk",24
25,-0.1788,0.182,0.733,@BBC,0.086,"Adam can't hide the fact that he has a stutter, and he doesn't want to anymore.

https://t.co/JVzJkk828L",25
26,0.0,0.0,1.0,@BBC,0.0,"Native wildlife is ""flocking back"" to the Outer Hebrides following a 17-year project to eradicate the American mink‚Ä¶ https://t.co/QbGQddmWyW",26
27,0.0,0.0,1.0,@BBC,0.0,"Walrus siestas can last a week! üí§ These incredible creatures know how to nap... 

https://t.co/qZRpNBkpuc",27
28,0.0,0.0,1.0,@BBC,0.0,"It‚Äôs not coming home. üíî

But it's been an incredible journey. ‚ô•Ô∏è

https://t.co/TrqeqzfTUq  #ENG #WorldCup‚Ä¶ https://t.co/nCoN5lDJys",28
29,0.0,0.0,1.0,@BBC,0.0,"RT @BBCSport: GOAL

Mario Mandzukic drills Croatia in front.

#CRO 2-1 #ENG 

LIVE:
üì± https://t.co/C5GtYW7jpj 
üìª @5liveSport 

#ENGCRO #Wor‚Ä¶",29
30,-0.1027,0.076,0.924,@BBC,0.0,"RT @BBCSport: Extra-time it is... and we're underway...

How are your nerves?

#CRO 1-1 #ENG 

LIVE:
üì± https://t.co/C5GtYW7jpj 
üìª @5liveSpo‚Ä¶",30
31,0.3612,0.0,0.865,@BBC,0.135,"Full time: #CRO 1-1 #ENG 

Who's ready for another 30 minutes?

Follow it live: 
üì± https://t.co/TrqeqzfTUq  
üìª‚Ä¶ https://t.co/CuPZrrxFEW",31
32,-0.296,0.306,0.694,@BBC,0.0,RT @BBCBreakfast: No fingernails left... https://t.co/E4oE20owSY,32
33,0.0,0.0,1.0,@BBC,0.0,"RT @BBCSport: GOAL 

#CRO 1-1 #ENG 

Ivan Perisic meets a cross to flick Croatia level.

LIVE:
üì± https://t.co/C5GtYW7jpj 
üìª @5liveSport htt‚Ä¶",33
34,-0.0191,0.056,0.944,@BBC,0.0,"It doesn't matter where you're watching, as long as you're watching. ‚öΩÔ∏è‚öΩÔ∏è‚öΩÔ∏è

Millions of #ENG fans are watching‚Ä¶ https://t.co/geST9JHDr4",34
35,0.0,0.0,1.0,@BBC,0.0,"RT @5liveSport: Only three men have ever scored for #ENG in a semi-final of a #WorldCup

‚öΩ Sir Bobby Charlton
‚öΩ @GaryLineker
‚öΩ Kieran Tripp‚Ä¶",35
36,0.6705,0.0,0.776,@BBC,0.224,"RT @BBCOne: We‚Äôre pretty sure that exactly 53% of the population is covered in beer right now ü§îü§ó #ENGCRO #WorldCup

https://t.co/l5UTbo9n7x",36
37,0.3182,0.0,0.874,@BBC,0.126,A gripping reimagining of Joan Lindsay's iconic novel that delves into the mysterious disappearances of three schoo‚Ä¶ https://t.co/d4nPoQXIYJ,37
38,0.0,0.0,1.0,@BBC,0.0,"Half time in Moscow. 

#CRO 0-1 #ENG
Ôøº
Follow:

üì± https://t.co/5KN3TtJ2Zz  
üìª @5livesport

#ENGCRO #WorldCup https://t.co/TVSyyaX8dl",38
39,0.0,0.0,1.0,@BBC,0.0,"RT @BBCSport: GOAL!

What a start! What a goal!

Kieran Trippier whips a free-kick right in! 

#CRO 0-1 #ENG 

LIVE: 
üì± https://t.co/C5GtYW‚Ä¶",39
40,0.0,0.0,1.0,@BBC,0.0,"It's time. ‚öΩÔ∏è

#ENGCRO #worldcup #bbcworldcup https://t.co/A0zRUx5CVK",40
41,0.0,0.0,1.0,@BBC,0.0,"Prince Harry knows... #ItsComingHome Ô∏è‚öΩÔ∏è‚û°Ô∏èüè†

#ENGCRO #ENG #WorldCup #ThreeLions 

https://t.co/ouBlfHLWry",41
42,0.0,0.0,1.0,@BBC,0.0,"The @BBCEastenders prediction for tonight's #WorldCup semi-final? 

""Ta-ta Croatia!"" üëãüòÇ @MrDDyer

#ThreeLions‚Ä¶ https://t.co/wRv1AlP9s6",42
43,0.0,0.0,1.0,@BBC,0.0,"What's that David Attenborough... it's coming home? üè¥Û†ÅßÛ†Å¢Û†Å•Û†ÅÆÛ†ÅßÛ†ÅøÔ∏è‚öΩÔ∏èüèÜüòÜ

üîä Turn your sound on!  üîä

#WorldCup #ThreeLions‚Ä¶ https://t.co/fkYYIqg2fO",43
44,0.0,0.0,1.0,@BBC,0.0,The National Gallery has acquired its first work by a woman for 27 years. üñå https://t.co/WkCtpvqKtN https://t.co/NZRjCCw3z5,44
45,0.5994,0.0,0.692,@BBC,0.308,"The last time #ENG played a #WorldCup Semi Final, @bbceastenders looked like this... https://t.co/JeYtBettzm",45
46,0.3612,0.0,0.884,@BBC,0.116,"ü§î Game Boys, Vanilla Ice and a new TV programme called 'The Simpsons'... 

This is what #England looked like last t‚Ä¶ https://t.co/YTCXpNJvqb",46
47,0.0,0.0,1.0,@BBC,0.0,"RT @BBCSport: Just hold on...it's coming home.

#WorldCup #ThreeLions https://t.co/TCTpYhNV1s",47
48,0.5719,0.0,0.829,@BBC,0.171,"This will give you goosebumps. 

The last time England won a #WorldCup semi-final it was a 2-1 victory over Portuga‚Ä¶ https://t.co/2gRGni9S3y",48
49,-0.2732,0.095,0.905,@BBC,0.0,"In this city, a six-figure salary is considered 'low income' and not enough for a family of four to get by on.‚Ä¶ https://t.co/1qyDWTPSrG",49
50,0.5859,0.0,0.798,@BBC,0.202,"#BluePlanet2 ‚úÖ 
That unforgettable concert ‚úÖ 
Brilliant Bedtime Stories ‚úÖ
A new Doctor ‚úÖ
and so much more. Here are‚Ä¶ https://t.co/ZVSKIHOXDk",50
51,0.5018,0.0,0.755,@BBC,0.245,"RT @BBCSport: More of this please! üòä

#ENGCRO #ENG #ThreeLions #bbcworldcup https://t.co/706Vsdfy2Y",51
52,-0.8402,0.429,0.571,@BBC,0.0,"üíà‚öΩÔ∏èüôåüèæ Dead trims, missed penalties, 30 yard screamers, calling players out, football coming home...‚Ä¶ https://t.co/ZrrQJ1Qn9h",52
53,0.0,0.0,1.0,@BBC,0.0,"üå°üî•‚òÄÔ∏è This one goes out to all the gingers braving the sun today... 

https://t.co/4Ed3y2Xp0f",53
54,0.0,0.0,1.0,@BBC,0.0,"The heatwave has unveiled ancient hillforts and Roman settlements in Wales. üëâ
 https://t.co/L1VdHWkMP7 https://t.co/luXjJV5v3Y",54
55,0.0,0.0,1.0,@BBC,0.0,"Take a look at the rollercoaster years at Nokia, a company that dominated a nation. 

The Rise and Fall of Nokia |‚Ä¶ https://t.co/7uflzUaeTj",55
56,0.8625,0.0,0.556,@BBC,0.444,"Can you feel richer by giving your money away? üí∏ This lottery winner thinks so.

https://t.co/BgKlrEfssV",56
57,0.7717,0.0,0.676,@BBC,0.324,"'I wanted to live inside you like a parasite'. 

A letter to my first love üíåüëâ https://t.co/batgnuHRoi https://t.co/G0kGuLzHqU",57
58,-0.8338,0.34,0.593,@BBC,0.066,"üôÖNo one likes making mistakes, but messing up isn‚Äôt always a bad thing.

Here are six reasons why making mistakes c‚Ä¶ https://t.co/N7jMLZKLcE",58
59,0.7269,0.0,0.711,@BBC,0.289,"RT @bbctennis: Serena Williams has some pretty big names supporting her.

Oh hey, @Drake 

LIVEüëâhttps://t.co/RIpcahMeKm
üì∫ @BBCOne 
#bbctenn‚Ä¶",59
60,0.6763,0.079,0.68,@BBC,0.242,"No one does strawberries like we do in Britain! üçìüá¨üáßüç¶

Now they're in season, make the most of these delicious straw‚Ä¶ https://t.co/QKdHxenZNu",60
61,0.4939,0.0,0.868,@BBC,0.132,'Everyone safe': all 12 members of a Thai youth football team and their coach have been brought safely out of the c‚Ä¶ https://t.co/c5bzSFM2ND,61
62,0.0,0.0,1.0,@BBC,0.0,"Neelam and Dinesh‚Äôs son Akash took his own life three years ago. 

Now they‚Äôre trying to get the British Asian comm‚Ä¶ https://t.co/pX5ZIH2mj3",62
63,0.4588,0.073,0.769,@BBC,0.158,"Ever found something weird and wonderful on a British beach? 

@BBCFOUR will be LIVE from the Jurassic Coast next w‚Ä¶ https://t.co/CY4ej7SjQh",63
64,-0.5632,0.188,0.812,@BBC,0.0,"Have you ever seen a baby puffin? üê£

Experts worry we may not get the chance in the future if Scotland‚Äôs puffin pop‚Ä¶ https://t.co/uRKs7VXQMv",64
65,0.0,0.0,1.0,@BBC,0.0,RT @bbcweather: Remember to look up around 1pm today if you're in London / SE / Suffolk / Colchester / Chelmsford for the @RoyalAirForce #R‚Ä¶,65
66,0.3612,0.0,0.884,@BBC,0.116,"RT @BBCOne: ‚ÄúI felt like a piece of meat at a meat market‚Äù.

@BBCPanorama investigates President Donald Trump.

Tonight | 8.30pm | BBC One‚Ä¶",66
67,0.8402,0.0,0.5,@BBC,0.5,RT @BBCNews: Cave rescue: Divers ready to save remaining five Thais https://t.co/ed7GteDLor,67
68,0.0,0.0,1.0,@BBC,0.0,"RT @bbcweather: London's sunset last night, photographed by Funda Cizgenakad. Jo https://t.co/gijPHaWMpa",68
69,0.4939,0.0,0.856,@BBC,0.144,"RT @BBCSport: We have some exciting news...

@andy_murray will be joining the BBC commentary team this week at @Wimbledon 

üëâ https://t.co/‚Ä¶",69
70,0.0,0.0,1.0,@BBC,0.0,"Sue has looked after lots of orphaned wombats before, but Stacy is a real handful! üò≥

https://t.co/JCFTLP1Xjg",70
71,0.5719,0.0,0.829,@BBC,0.171,"Today, @sophieraworth presents live coverage of events to celebrate 100 years of aviation and endeavour in the Roya‚Ä¶ https://t.co/l0Of2zTYaH",71
72,0.6369,0.0,0.833,@BBC,0.167,"The greatest ice skater of all time, John Curry transformed a dated sport into an art form and made history by beco‚Ä¶ https://t.co/rKqQzp8Gv5",72
73,0.5994,0.0,0.818,@BBC,0.182,"‚ÄúI want to tell you honey you are the hero in my heart‚Äù

Saman Gunan's wife and father tell @BBCWorld about the man‚Ä¶ https://t.co/axL8XkMgc0",73
74,0.4767,0.0,0.78,@BBC,0.22,"That time David Attenborough made friends with a baby rhino. üò≠‚ù§Ô∏èÔ∏èü¶è #Africa 

https://t.co/Z5F0jaNk57",74
75,0.9403,0.0,0.505,@BBC,0.495,"Although they're great fun, they're not always great for the environment... 

Here's how to go to a festival withou‚Ä¶ https://t.co/tvnMfnCrlL",75
76,0.0,0.0,1.0,@BBC,0.0,"RT @BBCBreaking: Prince Louis arrives for his christening service at the Chapel Royal, St James's Palace

https://t.co/TGe9Ld5mpM https://t‚Ä¶",76
77,0.8268,0.0,0.675,@BBC,0.325,"RT @BBCRadio2: Happy International Town Criers' Day! Watch @chestercrier teach @ed_miliband how to do the perfect ""oyez""  üó£ https://t.co/Ha‚Ä¶",77
78,0.8221,0.0,0.664,@BBC,0.336,"""Can I drum?‚Äù ü•Åü§∑‚Äç‚ôÇÔ∏è

This is the amazing moment when @thekillers let a fan join them on stage at @TRNSMTfest! üôå‚Ä¶ https://t.co/6DnHpaJxer",78
79,-0.5423,0.22,0.78,@BBC,0.0,"RT @BBCBreaking: Boris Johnson resigns as UK Foreign Secretary, following the resignation of Brexit Secretary David Davis https://t.co/gFKn‚Ä¶",79
80,0.4215,0.0,0.872,@BBC,0.128,"Divers have rescued four more boys from the vast flooded cave system in northern Thailand.

Follow live updates her‚Ä¶ https://t.co/cuWPaHhVTW",80
81,-0.4767,0.205,0.795,@BBC,0.0,"Searching for the 'angel' who held me during the Westminster attack. 

https://t.co/Hgb96AhD1J https://t.co/SPXbsc6t1A",81
82,0.6597,0.115,0.531,@BBC,0.354,"RT @bbctennis: The number of Grand Slam singles titles won by today's Centre Court players.

üèÜüèÜüèÜüèÜüèÜüèÜüèÜüèÜüèÜüèÜüèÜüèÜüèÜüèÜüèÜüèÜüèÜüèÜüèÜüèÜüèÜüèÜüèÜüèÜüèÜüèÜüèÜüèÜüèÜüèÜüèÜüèÜüèÜüèÜüèÜüèÜüèÜüèÜüèÜüèÜüèÜüèÜüèÜüèÜüèÜüèÜ‚Ä¶",82
83,0.0,0.0,1.0,@BBC,0.0,"'I spread happiness': meet Irene, a yoga teacher who teaches in prisons. üßò

https://t.co/LkBRZK5BJe",83
84,-0.5255,0.166,0.834,@BBC,0.0,"What's wrong with the way we decorated?! üòÇüõÄüë∑

Couple find a 23-year-old hidden message while refurbishing their bat‚Ä¶ https://t.co/gfFrVjlZee",84
85,0.0,0.0,1.0,@BBC,0.0,Prince Louis will be christened later in a private ceremony in the Chapel Royal at St James's Palace. üë∂‚Ä¶ https://t.co/NOvYzzMN0F,85
86,0.25,0.0,0.913,@BBC,0.087,RT @BBCWorld: Cave divers in Thailand are poised to restart the high-risk operation to extract the remaining eight boys and their football‚Ä¶,86
87,-0.6486,0.281,0.719,@BBC,0.0,RT @BBCWorld: Japan floods: At least 100 dead in record rainfall https://t.co/SyQmfJ7R2J,87
88,0.6597,0.0,0.795,@BBC,0.205,"RT @bbcgetinspired: Way back when @England winning the #WorldCup was just a pipe dream, we caught up with Gareth Southgate to find out his‚Ä¶",88
89,0.0,0.0,1.0,@BBC,0.0,"RT @BBCArchive: #OnThisDay 2001: The Office was first broadcast, on @BBCTwo. https://t.co/TgfV8bNhy4",89
90,0.5719,0.0,0.701,@BBC,0.299,"What's it like living with OCD? These people share their experience. 
#TrustMeImADoctor https://t.co/Ed41awcqEM",90
91,-0.0516,0.085,0.915,@BBC,0.0,"'I didn‚Äôt leave the house for three months because of my anxiety.'
üëâ https://t.co/8q5C6bvqI7 https://t.co/qlAwtudj5E",91
92,0.0,0.0,1.0,@BBC,0.0,‚ö° This Korean entrepreneur has an idea that could revolutionise how power is generated. https://t.co/csjLDoyZoN,92
93,0.4019,0.0,0.787,@BBC,0.213,"Justin Bieber 'engaged to Hailey Baldwin', US media say. üëâ https://t.co/j8cKfq8AtD https://t.co/HkqnZAQJi4",93
94,-0.6908,0.207,0.793,@BBC,0.0,"RT @BBCBreaking: UK police launch murder inquiry after Dawn Sturgess, 44, dies after exposure to nerve agent Novichok https://t.co/adk3o7Sj‚Ä¶",94
95,0.0,0.0,1.0,@BBC,0.0,"‚úäüõçüõí This family have changed their shopping habits to reduce their plastic footprint.
#PlasticsAction https://t.co/RL3U1Vk7EN",95
96,0.0,0.0,1.0,@BBC,0.0,‚ù§Ô∏è This man is cleaning all 388 Holocaust plaques in his city. https://t.co/AfdxFBxxJ4,96
97,-0.6908,0.439,0.561,@BBC,0.0,'Did air pollution kill my daughter?' https://t.co/XzWSWFga6S,97
98,0.5106,0.0,0.864,@BBC,0.136,"The operation to free 12 boys and their coach from a cave in northern Thailand is running ""smoothly"", the head of t‚Ä¶ https://t.co/fbCN1JeN1K",98
99,0.5994,0.0,0.794,@BBC,0.206,"üé∂üéª‚ú® Tonight, @thekatiederham introduces 2018's open-air concert from the magnificent gardens of the Schonbrunn Pala‚Ä¶ https://t.co/AHAYPRtAJn",99
100,0.0,0.0,1.0,@CBS,0.0,Take a walk down @YandR_CBS memory lane with stars @JessWaltonYR and Peter Bergman! You can watch full episodes of‚Ä¶ https://t.co/MZEUfiJJyb,0
101,0.6514,0.0,0.718,@CBS,0.282,RT @TKOCBS: Prepare to have some major FUN. #TKO starts NOW! https://t.co/i2ftL6GCj5,1
102,0.5562,0.0,0.826,@CBS,0.174,"It‚Äôs fun, different, unique, and finally here! @TKOCBS hosted by @KevinHart4real premieres at 9/8c on CBS and‚Ä¶ https://t.co/MCeVLVK85i",2
103,0.5411,0.0,0.857,@CBS,0.143,"RT @MagnumPICBS: Talk about hands-on research! #MagnumPI's cast had the honor of joining the US Navy Submarine Force, US Pacific Fleet #Sub‚Ä¶",3
104,0.0,0.0,1.0,@CBS,0.0,Time to mark your calendars! CBS' fall 2018 premiere lineup has been announced: https://t.co/yYv3H9aEO7 https://t.co/lRxAA7suie,4
105,-0.3818,0.106,0.894,@CBS,0.0,"RT @TKOCBS: The Ball Buster, the Frisboom, the Spike Launcher, and the Slammer‚Ä¶ Get to know all of the #TKO Battle Stations: https://t.co/2‚Ä¶",5
106,0.3182,0.0,0.897,@CBS,0.103,"RT @cbsallaccess: How much does it cost to bury the truth? #OneDollar premieres August 30, exclusively on CBS All Access. https://t.co/2HdY‚Ä¶",6
107,0.4019,0.0,0.847,@CBS,0.153,"RT @SalvationCBS: Mark your calendars, #Salvies: Monday's new #SalvationCBS will air at a special time, 10/9c. https://t.co/RUh1J7cfj8",7
108,0.7777,0.0,0.657,@CBS,0.343,Happy #InternationalKissingDay! See which stars we caught locking lips on the CBS Kiss Cam. üòò https://t.co/oMPCHZlgCl,8
109,0.3612,0.0,0.898,@CBS,0.102,Have you heard? Tonight's the first Live Show of #BB20. Grab a seat and get ready to watch the action unfold on CBS‚Ä¶ https://t.co/0YgRV1HLGd,9
110,0.3182,0.0,0.892,@CBS,0.108,"How much does it cost to bury the truth? #OneDollar premieres Thursday, August 30, exclusively on CBS All Access.‚Ä¶ https://t.co/1tab8eCaFz",10
111,0.0,0.0,1.0,@CBS,0.0,Take a first look at our @Comic_Con lineup along with details of what you can expect to see:‚Ä¶ https://t.co/JqBtlKcwq3,11
112,0.0,0.0,1.0,@CBS,0.0,RT @TrueCrimeCBS: Two new true-crime series are set to premiere this July on CBS! Learn more about #Whistleblower and #PinkCollarCrimes bef‚Ä¶,12
113,0.5411,0.0,0.741,@CBS,0.259,"If at first you don‚Äôt succeed on @PriceIsRight‚Ä¶bid, bid again! https://t.co/OWBaOsFZ3i",13
114,0.0,0.0,1.0,@CBS,0.0,What‚Äôs summer without @CBSBigBrother? ‚òÄÔ∏è RT if you‚Äôre counting down the hours to the #BB20 premiere TONIGHT at 8/7c‚Ä¶ https://t.co/Xp1s4Fp5J8,14
115,0.7574,0.0,0.711,@CBS,0.289,"It looks like you...

(‚Ä¢_‚Ä¢)
( ‚Ä¢_‚Ä¢)&gt;‚åê‚ñ†-‚ñ†
(‚åê‚ñ†_‚ñ†)

Have a lot of TV to watch!

Celebrate #NationalSunglassesDay with H‚Ä¶ https://t.co/Babt4ajIgV",15
116,0.5574,0.0,0.796,@CBS,0.204,The world will finally know the truth. ‚òÑÔ∏è Make sure to tune in to the heart-pounding Season 2 premiere of‚Ä¶ https://t.co/mqMleW90DY,16
117,0.1867,0.0,0.902,@CBS,0.098,Tonight's the night! Don't miss model @ashleygraham on the season finale of Celebrity @undercover_cbs at 8/7c. https://t.co/iBxAOcOF7a,17
118,0.4199,0.0,0.811,@CBS,0.189,"Every day is #TakeYourDogToWorkDay for shows like @HawaiiFive0CBS, @MomCBS, @SEALTeamCBS, and @bigbangtheory! https://t.co/DJaOt1VQcw",18
119,0.4926,0.0,0.758,@CBS,0.242,"Lights, camera, selfie! üì∏¬†Could there be a better photo for #NationalSelfieDay? https://t.co/14Ewx64yKC",19
120,0.3555,0.136,0.642,@CBS,0.222,There‚Äôs nothing quite like watching a contestant win a brand new car on @PriceIsRight. üëè  https://t.co/aKlFikYAMM,20
121,0.0,0.0,1.0,@CBS,0.0,Time to make your predictions for #BB20! üëè Get to know the @CBSBigBrother Houseguests before the big premiere next‚Ä¶ https://t.co/jlpIchJ9sk,21
122,0.0,0.0,1.0,@CBS,0.0,RT @CBSBigBrother: Meet the cast of #BB20... before anyone else! Start streaming all their live interviews beginning at 11am EST/8am PST on‚Ä¶,22
123,0.9392,0.0,0.507,@CBS,0.493,"Today and every day we celebrate their love, guidance, and support. Happy #FathersDay to every kind of dad! https://t.co/Wffax1khBH",23
124,0.3595,0.0,0.872,@CBS,0.128,"Casting Alert! @paulwesley, @DaniaJRamirez &amp; @JamesWolk are set to star in the upcoming CBS All Access psychologica‚Ä¶ https://t.co/JnZMrzT92n",24
125,-0.296,0.167,0.833,@CBS,0.0,"In case you missed it, watch the entire #TonyAwards now: https://t.co/Bm0yNV3Ff3 https://t.co/h3YnFkmSQJ",25
126,0.1779,0.12,0.734,@CBS,0.147,RT @StrangeAngel: Mastermind or maniac? Explore the brilliant mind of Jack Parsons in #StrangeAngel. Now streaming on CBS All Access: https‚Ä¶,26
127,-0.5562,0.315,0.551,@CBS,0.134,"No pain, no gain, ALL Hart! Just one month until the premiere of @TKOCBS hosted by @KevinHart4real. https://t.co/C1yMCglxVn",27
128,0.5093,0.0,0.829,@CBS,0.171,"RT @TheNeighborhood: Welcome to #TheNeighborhood, @BethBehrs! The @2BrokeGirls star returns to @CBS in a new sitcom alongside @CedEntertain‚Ä¶",28
129,-0.296,0.167,0.833,@CBS,0.0,"In case you missed it, watch the entire #TonyAwards now: https://t.co/Bm0yNV3Ff3 https://t.co/3GA5otlcPa",29
130,0.0,0.0,1.0,@CBS,0.0,How do you know @SaraBareilles and @joshgroban's music? #TonyAwards https://t.co/POMXBORfUT,30
131,0.0,0.0,1.0,@CBS,0.0,Here are all the performances from the 2018 #TonyAwards: https://t.co/gN4ItpFlRd https://t.co/fSMNBXKC9r,31
132,0.4767,0.0,0.78,@CBS,0.22,See the complete list of winners from the 2018 #TonyAwards: https://t.co/9XK6CGeber https://t.co/HkUIN4Quej,32
133,0.8478,0.0,0.594,@CBS,0.406,An end to a magical evening. The Band's Visit wins for Best Musical! #TonyAwards https://t.co/ODza97n8YH,33
134,0.92,0.0,0.537,@CBS,0.463,Congratulations are in order for @TheKatrinaLenk! She just won for Best Leading Actress in a Musical. #TonyAwards https://t.co/t9bNvpiEmH,34
135,0.0,0.0,1.0,@CBS,0.0,"RT @CBSThisMorning: Hmm... something seems off here @SaraBareilles @JoshGroban. üòÇ

@WaitressMusical @GreatCometBway #TonyAwards https://t.c‚Ä¶",35
136,0.4404,0.0,0.847,@CBS,0.153,RT @_stobin13: watching the #TonyAwards after going to 3 broadway shows this weekend makes it even better üòçü§©,36
137,0.836,0.0,0.533,@CBS,0.467,Tony Shalhoub wins Best Leading Actor in a Musical. #TonyAwards   #TheBandsVisit https://t.co/KcUDSicKI5,37
138,0.0,0.0,1.0,@CBS,0.0,The Boss looks right at home on the #TonyAwards stage! https://t.co/pwjv4iydkn,38
139,0.6369,0.0,0.682,@CBS,0.318,RT @Aatamianphoto: Springsteen is on the #TonyAwards and I love it.,39
140,0.7978,0.0,0.457,@CBS,0.543,Inspiration: Get to your YES! #OnceOnThisIsland #TonyAwards https://t.co/Wjp0QIWfXq,40
141,0.9523,0.0,0.45,@CBS,0.55,The feeling when you win a Tony. üôå¬†Congratulations to Once on This Island for winning Best Revival of a Musical!‚Ä¶ https://t.co/UpFCqgBTwh,41
142,0.5994,0.0,0.698,@CBS,0.302,What a beautiful performance by the cast of #TheBandsVisit. #TonyAwards https://t.co/4Hw96kZvrf,42
143,0.4215,0.0,0.877,@CBS,0.123,"""I'm a living example of how theatre can change you - and it didn't just change me, it saved me."" @JohnLeguizamo at‚Ä¶ https://t.co/4ICwMhb6hv",43
144,0.8932,0.0,0.483,@CBS,0.517,Angels in America takes the win for Best Revival of a Play! #TonyAwards https://t.co/zodW61tw8a,44
145,0.0,0.0,1.0,@CBS,0.0,"RT @leahableson: The Once On This Island Goat And Chicken made it to the broadcast, Mama WILL provide #TonyAwards",45
146,0.0,0.0,1.0,@CBS,0.0,That performance was the GOAT. #TonyAwards https://t.co/mtoU92HipQ,46
147,0.8908,0.0,0.509,@CBS,0.491,Harry Potter and the Cursed Child wins Best Play at the #TonyAwards! @HPPlayNYC https://t.co/WIqJQmtAlN,47
148,0.0,0.0,1.0,@CBS,0.0,üé∂ ‚ÄúLet's dance this last dance tonight.‚Äù üé∂ #TonyAwards #DonnaSummerMusical https://t.co/UAIaglChfv,48
149,0.4926,0.0,0.738,@CBS,0.262,Hope he brought enough birthday cake for everyone! #TonyAwards https://t.co/FlLbKV6oj8,49
150,0.5093,0.0,0.477,@CBS,0.523,@writerlindsayb You're welcome! #TonyAwards,50
151,0.7579,0.0,0.435,@CBS,0.565,RT @hjmayer8: I sure do love @DearEvanHansen üíô #TonyAwards,51
152,0.6467,0.0,0.752,@CBS,0.248,"RT @Valerie4815: What a birthday present, the Tony audience singing happy birthday to you!! #TonyAwards",52
153,0.0,0.0,1.0,@CBS,0.0,If only this performance could go on forever. #TonyAwards @FrozenBroadway https://t.co/p2BMUvyTxr,53
154,0.636,0.0,0.724,@CBS,0.276,RT @anna_villanueva: Magnificent performance from the cast of @FrozenBroadway! #TonyAwards2018 #TonyAwards #Tonys,54
155,0.8834,0.0,0.437,@CBS,0.563,Glenda Jackson wins Best Leading Actress in a Play. #TonyAwards @threetallwomen https://t.co/GRp1gcBuiW,55
156,0.0,0.0,1.0,@CBS,0.0,.@SaraBareilles is totally a Gryffindor. #TonyAwards https://t.co/OPQ7esk2dn,56
157,0.7351,0.079,0.625,@CBS,0.296,RT @IzzyNY202: How impressive are these Marjory Stoneman Douglas students? That #TonyAwards performance reduced me to tears. Amazing.,57
158,0.0,0.0,1.0,@CBS,0.0,RT @KatLargent: MAGIC #TonyAwards,58
159,0.0,0.0,1.0,@CBS,0.0,Such a touching moment at the #TonyAwards. ‚ù§Ô∏è https://t.co/4kJWTHVPZ8,59
160,0.4019,0.0,0.838,@CBS,0.162,.@Matt_Morrison welcomes the Marjory Stoneman Douglas High School theatre department to the stage. #TonyAwards https://t.co/5dxa9smeka,60
161,0.9151,0.0,0.543,@CBS,0.457,So many feels at the #TonyAwards. Congratulations to @arielstachel for winning Best Featured Actor in a Musical!‚Ä¶ https://t.co/m1aRNIHPRK,61
162,0.6369,0.0,0.625,@CBS,0.375,RT @McBenefit: I love everything about you @UzoAduba. #TonyAwards,62
163,0.1511,0.0,0.898,@CBS,0.102,RT if that musical number by the cast of Carousel blew you away! #TonyAwards https://t.co/CMzMNtcAQO,63
164,0.1531,0.0,0.852,@CBS,0.148,Nathan Lane saw his #AngelsinAmerica role as a challenge. How will you challenge yourself in 2018? #TonyAwards https://t.co/3WXd6AqgBi,64
165,0.8834,0.0,0.437,@CBS,0.563,Nathan Lane wins Best Featured Actor in a Play. #TonyAwards @angelsbway https://t.co/xc8M7JtLDE,65
166,0.0,0.0,1.0,@CBS,0.0,üåü¬†@joshgroban and @SaraBareilles are Host Goals. üåü #TonyAwards https://t.co/OGQec8cXJ6,66
167,0.2714,0.0,0.793,@CBS,0.207,RT @adub369: This is unbelievable! @SaraBareilles and @joshgroban #TonyAwards,67
168,0.0,0.0,1.0,@CBS,0.0,Who lives in a pineapple and just performed at The Tonys? üççüé∂ The cast of SpongeBob SquarePants: The Musical!‚Ä¶ https://t.co/mvFxdh9UJi,68
169,0.8478,0.0,0.494,@CBS,0.506,‚ú® @LindsayMendez wins Best Featured Actress in a Musical! #TonyAwards @carouselbway https://t.co/MtgFowscN5,69
170,0.8858,0.0,0.435,@CBS,0.565,A big congratulations to @springsteen for his Special Tony award! ‚ú®¬†#TonyAwards https://t.co/i16u8uv9aT,70
171,0.0,0.0,1.0,@CBS,0.0,Can the 73rd annual #TonyAwards just be three-hours of @TitussBurgess? https://t.co/3rCZwwTUtv,71
172,0.25,0.0,0.92,@CBS,0.08,"RT @CBSThisMorning: ""We know there are a lot of you out there who have photos of yourself in school plays or community theater."" Post your‚Ä¶",72
173,0.4588,0.0,0.833,@CBS,0.167,Keep your acceptance speeches short or else the #TonyAwards will get the angels involved. #AngelsInAmerica üëº https://t.co/oznhezRzDc,73
174,0.0,0.0,1.0,@CBS,0.0,"If you haven't started singing, you will be the rest of the night. #TonyAwards #MyFairLady https://t.co/jbGXwnru8N",74
175,0.3612,0.0,0.737,@CBS,0.263,RT @marialena_rago: I like this opener for @MyFairLadyBway #TonyAwards,75
176,0.8908,0.0,0.43,@CBS,0.57,Laurie Metcalf wins Best Featured Actress in a Play! #TonyAwards @threetallwomen https://t.co/y4teyJaRPs,76
177,0.0,0.0,1.0,@CBS,0.0,Tina Fey has a boat?? #MeanGirls #TonyAwards https://t.co/phYxmHMd3d,77
178,0.0,0.0,1.0,@CBS,0.0,Representing the hardest-working men and women in Broadway‚Ä¶¬†ensemble members from every nominated musical tonight!‚Ä¶ https://t.co/imlEEnOUla,78
179,0.6369,0.0,0.588,@CBS,0.412,RT @misschae: I love theatre so much. #TonyAwards,79
180,0.0,0.0,1.0,@CBS,0.0,On Wednesdays they wear pink and on Sundays they perform at the #TonyAwards. üíï Who thought that performance by the‚Ä¶ https://t.co/w7QDkaX6kF,80
181,0.6369,0.0,0.756,@CBS,0.244,"RT @MichaelJMoritz: ""We are all made perfectly and we all belong‚Äù - Andrew Garfield #TonyAwards",81
182,0.8834,0.0,0.437,@CBS,0.563,Andrew Garfield wins Best Leading Actor in a Play. #TonyAwards @angelsbway https://t.co/s2VQnw6IPP,82
183,0.6696,0.0,0.64,@CBS,0.36,"RT @nightingalen: Love this opening song! @joshgroban
@SaraBarreilles 
#TonyAwards",83
184,0.0,0.0,1.0,@CBS,0.0,‚ú® @joshgroban and @SaraBareilles take the stage to begin an unforgettable evening. #TonyAwards https://t.co/y9uzlK2DzO,84
185,0.0,0.0,1.0,@CBS,0.0,Grab your popcorn... it's time for the #TonyAwards! Go and stream the entire show now: https://t.co/Wo1algQHix https://t.co/JGYTk4NPDN,85
186,0.0,0.0,1.0,@CBS,0.0,‚ú® @thegoodfight's Christine Baranski has arrived on the #TonyAwards red carpet! Watch LIVE at 8/7c on CBS! https://t.co/XnXAnPtRrc,86
187,0.0,0.0,1.0,@CBS,0.0,"The hosts have arrived! We're LIVE with @SaraBareilles, @joshgroban and more on the #TonyAwards red carpet hosted b‚Ä¶ https://t.co/NtarbgywLe",87
188,0.4184,0.0,0.843,@CBS,0.157,Tonight's the night! Join @etnow's @DDirecto on the #TonyAwards' red carpet starting at 5PM ET! https://t.co/hZLOSiIRAT,88
189,0.5093,0.0,0.845,@CBS,0.155,These two know a thing or two about awards! Watch them light up the stage tomorrow at the #TonyAwards. ‚ú® https://t.co/KHVZp65oLS,89
190,0.0,0.0,1.0,@CBS,0.0,Here's everything you need to know before watching the #TonyAwards this Sunday at 8/7c: https://t.co/jcRgNGmLUZ https://t.co/8suUhVPFK6,90
191,0.296,0.0,0.82,@CBS,0.18,Join @etnow's @DDirecto this Sunday on the #TonyAwards' red carpet. https://t.co/7jS8g10KmY,91
192,0.0,0.0,1.0,@CBS,0.0,Here's @laChanze with a reminder that you can stream the #TonyAwards this Sunday on CBS All Access! https://t.co/8TDEXzKmyQ,92
193,0.9078,0.0,0.564,@CBS,0.436,"We all get by with a little help from our friends, so what better way to celebrate #NationalBestFriendsDay than to‚Ä¶ https://t.co/pIZezbBwaT",93
194,0.3612,0.0,0.872,@CBS,0.128,"Get ready for show-stopping performances by the casts of the 2018 Tony-nominated shows Mean Girls, SpongeBob Square‚Ä¶ https://t.co/NiSx9Bbw0F",94
195,0.2732,0.105,0.719,@CBS,0.176,Don‚Äôt miss a special performance from @springsteen this Sunday at the #TonyAwards: https://t.co/LYYdleaFwU https://t.co/IKkKoITH9y,95
196,0.3595,0.0,0.872,@CBS,0.128,"RT @CBSThisMorning: .@SaraBareilles and @joshgroban are hosting this Sunday's @TheTonyAwards on @CBS! 

Wednesday, they'll join us LIVE on‚Ä¶",96
197,-0.4404,0.177,0.723,@CBS,0.1,"RT @SU2C: SU2C telecast Co-Executive Producer Bradley Cooper sits down with Mitch Carbon, a pediatric cancer survivor who benefited from #S‚Ä¶",97
198,0.4574,0.0,0.824,@CBS,0.176,RT @StrangeAngel: About last night... The #StrangeAngel screening party was a blast! Pun intended. üöÄüòè https://t.co/m64EcNmweY,98
199,0.5093,0.0,0.845,@CBS,0.155,These CBS stars can really belt it out! Find out which celebs from your favorite shows are pitch-perfect:‚Ä¶ https://t.co/X4zMACFazB,99
200,0.7717,0.0,0.642,@CNN,0.358,There is now only one Blockbuster store left in the United States https://t.co/ufVOf4pock https://t.co/b9SsSAHKdI,0
201,0.0,0.0,1.0,@CNN,0.0,Anderson Cooper Full Circle ‚Äî  CNN's brand new daily interactive global brief featuring interviews with the day's b‚Ä¶ https://t.co/99OdnouUoM,1
202,-0.1695,0.068,0.932,@CNN,0.0,"RT @TheLeadCNN: I would not be surprised if this were the last indictment we see ""that doesn't mention an American,"" former NSA and CIA Dir‚Ä¶",2
203,0.0,0.0,1.0,@CNN,0.0,"One of Hollywood's most dependable franchises has a new film opening this weekend. That franchise? Dwayne ""The Rock‚Ä¶ https://t.co/4ccAmTVlxy",3
204,0.0,0.0,1.0,@CNN,0.0,"RT @TheLeadCNN: The White House says the summit with Russian President Putin is not being canceled, despite 12 Russians being indicted toda‚Ä¶",4
205,0.2023,0.0,0.899,@CNN,0.101,House Minority Leader Nancy Pelosi recommended that the Democratic caucus hold its leadership elections after Thank‚Ä¶ https://t.co/LZoBGy0EiZ,5
206,0.0,0.0,1.0,@CNN,0.0,RT @AC360: Anderson Cooper Full Circle ‚Äî  our brand new daily interactive global brief featuring interviews with the day's biggest newsmake‚Ä¶,6
207,0.0,0.0,1.0,@CNN,0.0,"During an event hosted by The Economic Club in Washington, House Speaker Paul Ryan said his Chevy Suburban was gnaw‚Ä¶ https://t.co/0fgVho3m9q",7
208,-0.7906,0.333,0.667,@CNN,0.0,The driver killed in a head-on collision involving South Carolina congressional candidate Katie Arrington had a blo‚Ä¶ https://t.co/B7pjxXt8Yg,8
209,0.5267,0.0,0.805,@CNN,0.195,The Justice Department drove a stake through the heart of Comcast's bid for Fox https://t.co/yvRGo0wxrq https://t.co/yx4ijtegcI,9
210,0.4005,0.072,0.77,@CNN,0.159,Donald Trump says he's more popular than Abraham Lincoln. That's a hard claim to back up. https://t.co/ol5U1It8zh https://t.co/GVyQ2TFrAf,10
211,-0.4019,0.124,0.876,@CNN,0.0,"A shocking video which shows the execution of two women, a young girl and a baby has gone viral. Rights group Amnes‚Ä¶ https://t.co/3j9zHNtGVB",11
212,-0.2023,0.079,0.921,@CNN,0.0,Uber says it is rolling out technology that allows it to know in real time when a driver is charged with a crime‚Ä¶ https://t.co/kiDJ2iRB6r,12
213,0.4215,0.0,0.872,@CNN,0.128,"RT @TheLeadCNN: ""The President of the United States, through his spokesperson, issues a statement that says absolutely nothing about the co‚Ä¶",13
214,0.0,0.0,1.0,@CNN,0.0,"President Trump reportedly wants the next Air Force One to be turned out in red, white and blue. Cartoonist Liza Do‚Ä¶ https://t.co/6ttW0MFI9V",14
215,0.0516,0.142,0.669,@CNN,0.189,"The United States has officially lifted its crippling export ban on Chinese company ZTE, easing one point of conten‚Ä¶ https://t.co/86gQZTCcV5",15
216,-0.25,0.125,0.875,@CNN,0.0,Sen. Chuck Schumer calls on Trump to cancel Putin meeting following Russian indictments https://t.co/ec7LulIfiO https://t.co/uC9RCmeYB5,16
217,0.5574,0.0,0.816,@CNN,0.184,Senate Majority Leader Mitch McConnell predicts that Supreme Court nominee Judge Brett Kavanaugh will be confirmed‚Ä¶ https://t.co/dj8bB9gHwy,17
218,0.6065,0.0,0.816,@CNN,0.184,"RT @CNNnewsroom: ""I didn't expect [the article] to blow up perhaps quite the way it did, and I certainly didn't expect the fake news allega‚Ä¶",18
219,0.0,0.0,1.0,@CNN,0.0,"""Queer Eye"" has been renewed for a third season https://t.co/nv3kegRdKM https://t.co/ee3mzGBwmL",19
220,0.0,0.0,1.0,@CNN,0.0,"Situated in a lavish corner of France, AS Monaco's famed football academy has produced some of the game's biggest s‚Ä¶ https://t.co/mUAXIXGMcr",20
221,-0.3818,0.126,0.874,@CNN,0.0,Kevin Anderson outslugged John Isner in a record match lasting over six hours in #Wimbledon's battle of the giants‚Ä¶ https://t.co/zwhUHlU25H,21
222,0.8402,0.0,0.654,@CNN,0.346,The mother of a Waffle House shooting survivor helped the waitress who saved her son get the perfect wedding dress‚Ä¶ https://t.co/PyUnqh8gzU,22
223,0.0,0.0,1.0,@CNN,0.0,President Trump and Katy Perry are among the Twitter users hit hardest by the follower purge https://t.co/y7sBfDOvRQ https://t.co/lfaH1ISOkD,23
224,0.0,0.0,1.0,@CNN,0.0,A Texas school district is holding an auction to get rid of Confederate-themed memorabilia left over after the rena‚Ä¶ https://t.co/EZCDArTM0S,24
225,0.0,0.0,1.0,@CNN,0.0,"Fans have been begging for it, and now it's really happening. A ""Downton Abbey"" movie is set for production.‚Ä¶ https://t.co/Vuq03s7T5V",25
226,-0.5267,0.159,0.841,@CNN,0.0,"Nearly all of Tom Price's travel when he was secretary of Health and Human Services violated federal requirements,‚Ä¶ https://t.co/MTHYdZNFiB",26
227,0.0,0.0,1.0,@CNN,0.0,"More than 500 people have reported symptoms including stomachache, nausea and vomiting after visiting a zipline tou‚Ä¶ https://t.co/CC1T7wmP9D",27
228,-0.3875,0.134,0.866,@CNN,0.0,"Republican Senator Ben Sasse: ""All patriotic Americans should understand that Putin is not America's friend, and he‚Ä¶ https://t.co/scLTsDzA24",28
229,0.0,0.0,1.0,@CNN,0.0,"Stitch Fix is tapping into the children's apparel market, launching subscription boxes with sizes 2T to 14. Founder‚Ä¶ https://t.co/SHaBh5PeDp",29
230,0.2263,0.091,0.782,@CNN,0.128,"RT @CNNPolitics: ‚ÄúThere should be no one-on-one meeting between this President and Mr. Putin,‚Äù Vice Chair of the Senate Intelligence Commit‚Ä¶",30
231,-0.886,0.354,0.646,@CNN,0.0,A bottle found in the home of a poisoning victim has been identified as the source of the nerve agent that killed h‚Ä¶ https://t.co/HCy77CdTAV,31
232,-0.4019,0.226,0.658,@CNN,0.115,"Second-hand clothes have sparked a bitter trade dispute between the United States and Rwanda, one of the world's po‚Ä¶ https://t.co/vgujDsssbX",32
233,-0.3612,0.128,0.872,@CNN,0.0,President Trump was told the indictments were coming. He still called the Mueller probe a witch hunt today.‚Ä¶ https://t.co/WmpL1Qe7MI,33
234,0.5267,0.0,0.761,@CNN,0.239,Wells Fargo keeps finding new parts of its vast banking empire that overcharged innocent customers‚Ä¶ https://t.co/Cktk4amkBw,34
235,-0.4404,0.139,0.861,@CNN,0.0,Senate Minority Leader Chuck Schumer is calling on President Trump to abandon his scheduled meeting with Russian Pr‚Ä¶ https://t.co/4N9xoD1QCf,35
236,0.4215,0.0,0.851,@CNN,0.149,The first underwater museum in the United States has opened off the coast of northwest Florida‚Ä¶ https://t.co/WELvJOndZR,36
237,-0.5994,0.196,0.804,@CNN,0.0,Eight endangered black rhinos die in Kenya national park just weeks after the animals were moved‚Ä¶ https://t.co/IicNWbpZtZ,37
238,0.4019,0.0,0.87,@CNN,0.13,The FBI has released the indictment charging 12 Russian nationals in the hacking of Democratic Party emails during‚Ä¶ https://t.co/Wri2BTHgUN,38
239,0.7717,0.0,0.642,@CNN,0.358,There is now only one Blockbuster store left in the United States https://t.co/ZDBAGQpIJU https://t.co/7AaaE4mPHH,39
240,-0.7269,0.264,0.736,@CNN,0.0,"RT @CNNnewsroom: ‚ÄúIn a second, related conspiracy, Russian GRU officers hacked the website of a state election board, and stole information‚Ä¶",40
241,-0.188,0.08,0.92,@CNN,0.0,Google cofounder Larry Page is so serious about flying cars that he just poured a bunch of money into a second star‚Ä¶ https://t.co/ewlHiJ9KSh,41
242,-0.7184,0.333,0.667,@CNN,0.0,A woman accused of attacking a 91-year-old Mexican man with a concrete brick has been charged with attempted murder‚Ä¶ https://t.co/CnlwqnIU7Q,42
243,0.0516,0.107,0.777,@CNN,0.117,"BREAKING: 12 Russians indicted in Mueller investigation, accused of engaging in a ‚Äúsustained effort to hack into th‚Ä¶ https://t.co/Nf28EQXafX",43
244,0.1531,0.0,0.929,@CNN,0.071,Queen Elizabeth greets President Trump at Windsor Castle. The Queen has met 10 of the 11 US¬†Presidents since she to‚Ä¶ https://t.co/lo54GHE076,44
245,0.296,0.0,0.833,@CNN,0.167,FEMA admits it was understaffed and underprepared for 2017 hurricanes https://t.co/d7CE2AlnEg https://t.co/UiXCvXflkS,45
246,0.0,0.0,1.0,@CNN,0.0,"A rare flood of desert rain has transformed a lake in Australia from an arid, salty basin to a spectacular, watery‚Ä¶ https://t.co/HseM2gVBmU",46
247,0.0,0.0,1.0,@CNN,0.0,"A particle called a neutrino was detected on Earth, found by sensors deep in the Antarctic ice, and traced to its s‚Ä¶ https://t.co/2C66GpH6NP",47
248,0.1027,0.0,0.931,@CNN,0.069,"Papa John's is removing John Schnatter's face from its marketing materials, two days after he admitted to using the‚Ä¶ https://t.co/oIahJnarWP",48
249,-0.4572,0.176,0.824,@CNN,0.0,People went so nuts for a Build-A-Bear sale that stores had to shut down https://t.co/RkCpnCVf7D https://t.co/kdkp11ArZ1,49
250,0.6597,0.0,0.748,@CNN,0.252,First lady Melania Trump promotes kindness in London after President Trump bashes British Prime Minister Theresa Ma‚Ä¶ https://t.co/rTWOAyJ3gt,50
251,0.1779,0.0,0.928,@CNN,0.072,These giant avocados are growing in Australia. Some have been known to weigh up to four pounds and are about five t‚Ä¶ https://t.co/iSxSsB0eK6,51
252,-0.6808,0.272,0.728,@CNN,0.0,A Florida sporting goods manager says he tackled a man trying to steal a gun. Now he's been fired.‚Ä¶ https://t.co/RbsEVNdqMc,52
253,-0.7184,0.333,0.667,@CNN,0.0,A woman accused of attacking a 91-year-old Mexican man with a concrete brick has been charged with attempted murder‚Ä¶ https://t.co/gMffTLgowH,53
254,0.4019,0.0,0.87,@CNN,0.13,A jury has awarded $4.62 billion to 22 women who sued pharmaceutical giant Johnson &amp; Johnson alleging their ovarian‚Ä¶ https://t.co/VADBv8OcjS,54
255,-0.5994,0.396,0.47,@CNN,0.134,Wells Fargo's scandals are hurting its bottom line https://t.co/pWSySVev75 https://t.co/1hFIJAFOsx,55
256,0.0,0.0,1.0,@CNN,0.0,Why the NFL just can't seem to get politics right https://t.co/BmdThf0EBv https://t.co/Evu9MvdOFs,56
257,0.2023,0.0,0.917,@CNN,0.083,Secretary of State Mike Pompeo and other top US officials are traveling to Mexico today for talks with the country'‚Ä¶ https://t.co/xcp88VEt0v,57
258,-0.6249,0.227,0.773,@CNN,0.0,Cozying up to Trump might be Theresa May's worst decision yet | @NicRobertsonCNN for @CNNOpinion‚Ä¶ https://t.co/7FuZDz0twp,58
259,-0.6486,0.249,0.751,@CNN,0.0,"President Trump denies that he criticized British Prime Minister Theresa May, the day after a British tabloid publi‚Ä¶ https://t.co/RE3ldms9UV",59
260,-0.6115,0.222,0.778,@CNN,0.0,"President Trump: Immigration in Europe is ""changing the culture"" and that's a ""very negative thing""‚Ä¶ https://t.co/IpVDQS1RE5",60
261,0.0,0.0,1.0,@CNN,0.0,"President Trump says he will ""absolutely"" ask Russian President Vladimir Putin about Russian election meddling.

Fo‚Ä¶ https://t.co/tCiJHcTcsS",61
262,0.4466,0.0,0.882,@CNN,0.118,"President Trump tells British PM Theresa May that whatever she decides to do on Brexit ""is OK with us"" ‚Äî as long as‚Ä¶ https://t.co/U8uUG4whVT",62
263,0.4877,0.0,0.869,@CNN,0.131,"RT @CNNPolitics: US President Trump calls the NATO Summit ""very productive"" and thanks Prime Minister May for the UK's ""contribution to our‚Ä¶",63
264,0.0,0.0,1.0,@CNN,0.0,President Trump and British Prime Minister Theresa May are speaking at a joint news conference hours after Trump‚Äôs‚Ä¶ https://t.co/RrO9JtEJ5s,64
265,0.0,0.0,1.0,@CNN,0.0,"Here's what President Trump said about British Prime Minister Theresa May, Brexit and 'England'‚Ä¶ https://t.co/dWjWkUsDPi",65
266,0.296,0.0,0.833,@CNN,0.167,FEMA admits it was understaffed and underprepared for 2017 hurricanes https://t.co/DqVuHyk7bn https://t.co/LVats1ZabJ,66
267,0.6597,0.0,0.748,@CNN,0.252,First lady Melania Trump promotes kindness in London after President Trump bashes British Prime Minister Theresa Ma‚Ä¶ https://t.co/Oya4QEpnfb,67
268,0.0,0.0,1.0,@CNN,0.0,"A rare flood of desert rain has transformed a lake in Australia from an arid, salty basin to a spectacular, watery‚Ä¶ https://t.co/HZhoQzYGfQ",68
269,-0.4019,0.188,0.812,@CNN,0.0,Protesters are beginning to gather in the UK for demonstrations against President Trump and his controversial polic‚Ä¶ https://t.co/HI4hs3V2Zo,69
270,0.0,0.0,1.0,@CNN,0.0,What Trump should and shouldn't do when meeting the Queen https://t.co/WAEk4bCsYc https://t.co/hpga2Yu6Qm,70
271,-0.7184,0.25,0.75,@CNN,0.0,"Trump savages May. Then travels to meet her.

The two leaders will face uncomfortable questions after the US Presid‚Ä¶ https://t.co/pHtpNUNHKe",71
272,0.0,0.0,1.0,@CNN,0.0,"Even by the clown show standards of the House of Representatives, this was not democracy's finest hour. | Analysis‚Ä¶ https://t.co/5W8y6ehNtl",72
273,0.0,0.0,1.0,@CNN,0.0,"5 things for Friday:

- President Trump in the UK
- Strzok hearing
- Syria
- AT&amp;T-Time Warner 
- Emmys‚Ä¶ https://t.co/HB7FKxxFHs",73
274,-0.7184,0.333,0.667,@CNN,0.0,A woman accused of attacking a 91-year-old Mexican man with a concrete brick has been charged with attempted murder‚Ä¶ https://t.co/SGSlznkdnQ,74
275,-0.6808,0.272,0.728,@CNN,0.0,A Florida sporting goods manager says he tackled a man trying to steal a gun. Now he's been fired.‚Ä¶ https://t.co/JICAN9AGZf,75
276,0.4019,0.0,0.87,@CNN,0.13,A jury has awarded $4.62 billion to 22 women who sued pharmaceutical giant Johnson &amp; Johnson alleging their ovarian‚Ä¶ https://t.co/1G7OEfTcy0,76
277,0.0,0.0,1.0,@CNN,0.0,"RT @CNNPolitics: ""The relationship is very, very strong,"" US President Trump says before a bilateral meeting with British PM Theresa May ht‚Ä¶",77
278,0.0,0.0,1.0,@CNN,0.0,"Last month, CNN sent writing paper along with a stamped and addressed return envelope to immigrant mothers separate‚Ä¶ https://t.co/4nZT3bFgcl",78
279,0.0,0.0,1.0,@CNN,0.0,President Trump is meeting the Queen for tea. Here's what to watch for: https://t.co/sWpAArRs7a https://t.co/QOItikiLP5,79
280,-0.34,0.179,0.821,@CNN,0.0,Stormy Daniels performs in a different Ohio strip club after arrest https://t.co/JIXnlJtJjB https://t.co/sah9rShhd2,80
281,-0.34,0.107,0.893,@CNN,0.0,Pakistan's largest province is in lockdown as authorities prepare for the return -- and arrest -- of former Prime M‚Ä¶ https://t.co/JwvYWOQEKc,81
282,-0.2411,0.089,0.911,@CNN,0.0,"""I am not responsible for immigration policies across Europe or even in our country or city.""

London Mayor Sadiq K‚Ä¶ https://t.co/9HW3FdMtXe",82
283,-0.4201,0.117,0.883,@CNN,0.0,"RT @cnni: ""It must have been a very difficult evening for Prime Minister May."" London Mayor Sadiq Khan responds to Donald Trump's interview‚Ä¶",83
284,-0.2263,0.101,0.899,@CNN,0.0,"A giant ""Trump Baby"" balloon has been inflated near Britain's Houses of Parliament, amid protests at President Trum‚Ä¶ https://t.co/HLV2odnra0",84
285,0.7321,0.0,0.709,@CNN,0.291,"Trump confidant says the President had a ""love fest"" with British PM Theresa May, despite critical interview‚Ä¶ https://t.co/A6n5OMPuFv",85
286,-0.7184,0.333,0.667,@CNN,0.0,A woman accused of attacking a 91-year-old Mexican man with a concrete brick has been charged with attempted murder‚Ä¶ https://t.co/cVomtfJVqc,86
287,-0.4404,0.206,0.794,@CNN,0.0,"Protesters have inflated a giant ""Trump Baby"" balloon near Britain's Houses of Parliament, in protest of President‚Ä¶ https://t.co/FjsWrFiWni",87
288,-0.4939,0.225,0.775,@CNN,0.0,Trump detonates Brexit bomb in Britain visit | Analysis by @StCollinson https://t.co/GbWEB4b13E https://t.co/6ykhx717D3,88
289,0.0,0.0,1.0,@CNN,0.0,"In Trump's interview with The Sun during his UK visit he also said, ""You don't hear the word 'England' as much as y‚Ä¶ https://t.co/kpAhRMOl2R",89
290,-0.7506,0.262,0.738,@CNN,0.0,"He reiterated his frustration with past US administrations and NATO. 

Trump said they failed to act to rectify the‚Ä¶ https://t.co/eeReWGQoZ4",90
291,-0.4767,0.134,0.866,@CNN,0.0,"Trump was less complementary about Sadiq Khan -- the US President said he had done a ""terrible job"" as London mayor. https://t.co/7tsnCO7aX2",91
292,0.0,0.0,1.0,@CNN,0.0,"Donald Trump is scheduled to meet with Queen Elizabeth II later today -- he described her as a ""tremendous woman,""‚Ä¶ https://t.co/tCbZBQF0Tw",92
293,0.8271,0.0,0.7,@CNN,0.3,"The US President went on to praise Boris Johnson, saying he would have made a ""great prime minister."" Johnson quit‚Ä¶ https://t.co/CXM1ajp7cM",93
294,0.0,0.0,1.0,@CNN,0.0,"Trump is in the UK and a wide-ranging interview with The Sun revealed what he thinks about a plan for a ""soft brexi‚Ä¶ https://t.co/M1y1sCi6tL",94
295,-0.2732,0.104,0.896,@CNN,0.0,"Donald Trump's convoy departs the residence of the US ambassador as one ""lone protestor"" waits outside for him.‚Ä¶ https://t.co/8Ou5xLWURW",95
296,0.0,0.0,1.0,@CNN,0.0,"A rare flood of desert rain has transformed a lake in Australia from an arid, salty basin to a spectacular, watery‚Ä¶ https://t.co/Vl6XXqS9By",96
297,0.0,0.0,1.0,@CNN,0.0,A Russian internet company with links to the Kremlin could have had access to the Facebook data of millions of peop‚Ä¶ https://t.co/kVQsA7Fcjm,97
298,-0.4404,0.17,0.83,@CNN,0.0,"Protesters plan to fly a giant ""Trump Baby"" balloon over Britain's Houses of Parliament today -- in protest of US P‚Ä¶ https://t.co/UVrK126dwl",98
299,-0.9259,0.438,0.562,@CNN,0.0,"More than six decades after ""one of the most brutal examples of racist violence in American history,"" CNN's‚Ä¶ https://t.co/yZtJq1PbIg",99
300,0.7269,0.0,0.681,@FoxNews,0.319,Custom Ford Mustang honoring America's WW II Eagle Squadrons to be auctioned for charity https://t.co/EdiicLYiKa,0
301,0.0,0.0,1.0,@FoxNews,0.0,"What is bacterial meningitis? Signs, symptoms and treatment for the infection. https://t.co/WgtjxsXeDD",1
302,0.0772,0.0,0.902,@FoxNews,0.098,RT @FoxBusiness: Dow clears 25K as the Nasdaq sits at a record high  https://t.co/d6ajEPlbYT,2
303,0.7269,0.0,0.681,@FoxNews,0.319,Custom Ford Mustang honoring America's WW II Eagle Squadrons to be auctioned for charity https://t.co/RJfWvmr8Di,3
304,0.0,0.0,1.0,@FoxNews,0.0,"RT @FoxBusiness: AT THE CLOSE: The Dow Jones Industrial Average closes above 25,000 for the first time since June 15. The Nasdaq closes at‚Ä¶",4
305,-0.4215,0.189,0.811,@FoxNews,0.0,Harvey Weinstein denies admitting he offered 'acting jobs in exchange for sex' https://t.co/kZ9oPpoyKF,5
306,0.0,0.0,1.0,@FoxNews,0.0,RT @FoxBusiness: Instagram users hit with temporary outage  https://t.co/szMOTJ3hxr,6
307,0.0,0.0,1.0,@FoxNews,0.0,WATCH: @POTUS arrives in Scotland with @FLOTUS. @ShepNewsTeam https://t.co/BynGFZhToI,7
308,0.128,0.0,0.914,@FoxNews,0.086,MONDAY: Chris Wallace will conduct an exclusive interview with Russian President Vladimir Putin following the summi‚Ä¶ https://t.co/IuFOWNXzpF,8
309,0.25,0.135,0.677,@FoxNews,0.188,NY Gov. Andrew Cuomo Threatens to Sue If Supreme Court Overturns Roe v. Wade. https://t.co/Ogt3YV4w2y,9
310,0.0,0.0,1.0,@FoxNews,0.0,.@POTUS arrives in Scotland. https://t.co/ds7WFn57xn,10
311,-0.7845,0.277,0.723,@FoxNews,0.0,"Pentagon officials say Sgt. 1st Class Christopher A. Celiz, 32, of South Carolina was killed during combat in Afgha‚Ä¶ https://t.co/2F4QeTv6PT",11
312,-0.8519,0.509,0.491,@FoxNews,0.0,"In London, pro-Trump counter-protesters hit with abuse, some violence. https://t.co/HIlyBjxSOB",12
313,0.0,0.0,1.0,@FoxNews,0.0,"12 Russian Intel officials indicted for allegedly hacking Clinton campaign, DNC emails: What to know. https://t.co/15GGOEAKxM",13
314,0.0,0.0,1.0,@FoxNews,0.0,"Louisiana inmate caught having sex with woman, 19, in courthouse stairwell, police say. https://t.co/Si9U9Cjo4Q",14
315,-0.2732,0.149,0.851,@FoxNews,0.0,"Officials say vaping co-pilot caused Air China flight to drop 21,000 feet. https://t.co/hJLeTKw2Al",15
316,0.0,0.0,1.0,@FoxNews,0.0,Atlanta airport reveals it spent nearly $4M on dog bathrooms https://t.co/YeNyUzJwXj,16
317,-0.25,0.133,0.867,@FoxNews,0.0,"Democrats urge Trump to cancel Putin summit, after indictment of Russian intel officers https://t.co/50aMJVBjI6",17
318,0.4939,0.0,0.873,@FoxNews,0.127,"Leon Aron on Trump, Putin meeting: ""I think what @POTUS wants to show most of all, is that he can succeed where‚Ä¶ https://t.co/rr2bALkxZw",18
319,0.4767,0.0,0.871,@FoxNews,0.129,"Leon Aron: ""The key to [Putin keeping] popularity and legitimacy is to say, 'we are equal to America, we could stan‚Ä¶ https://t.co/5jtBFGbvpa",19
320,0.0,0.0,1.0,@FoxNews,0.0,"Leon Aron on @POTUS, Putin meeting: ""Every time a Russian or Soviet leader meets one-on-one with an American presid‚Ä¶ https://t.co/pjYNSMwE51",20
321,0.0,0.0,1.0,@FoxNews,0.0,Never-before-seen Winston Churchill WWII photos surface https://t.co/vzXB5T1AXE,21
322,-0.4939,0.281,0.618,@FoxNews,0.101,'They Attacked Our Democracy': Top Dems Call for Trump to Cancel Putin Meeting https://t.co/CtaG41Clh0,22
323,0.09,0.082,0.818,@FoxNews,0.1,".@ChrisStirewalt on alleged Russian hacking: ""Telling [Vladimir Putin] to stop might be useful, but what probably i‚Ä¶ https://t.co/ymi5Ifh8VD",23
324,-0.6115,0.2,0.8,@FoxNews,0.0,".@POTUS: ""[Immigration is] changing the culture, I think it's a very negative thing for Europe... I know it's polit‚Ä¶ https://t.co/9nlot3EnyK",24
325,0.0,0.0,1.0,@FoxNews,0.0,President @realDonaldTrump has wrapped up his trip to England and is on his way to Scotland; @johnrobertsFox report‚Ä¶ https://t.co/NmZV41GiDE,25
326,0.0,0.0,1.0,@FoxNews,0.0,".@shelbyholliday on 12 Russian officers indicted in Mueller probe: ""It not only makes the Mueller probe more credib‚Ä¶ https://t.co/b3hHkAucJ5",26
327,-0.3818,0.284,0.567,@FoxNews,0.149,"Innovative project harnesses Legos and smartphones in the fight against invisible, deadly weapons https://t.co/tf5Scl8raW",27
328,-0.4824,0.281,0.719,@FoxNews,0.0,CDC WARNING: Do not eat 'Honey Smacks' cereal. https://t.co/ulyGFHK1Zj,28
329,0.2263,0.094,0.773,@FoxNews,0.133,"RT @FoxBusiness: .@MarkWarner on the 12 Russian intelligence officers indicted in Mueller probe: ""There should be no one-on-one meeting bet‚Ä¶",29
330,-0.5423,0.209,0.791,@FoxNews,0.0,OPINION: Republicans walked right into Peter Strzok's trap -- Here's what they missed (and Americans need to know) https://t.co/C8Mw7uheCo,30
331,0.0,0.0,1.0,@FoxNews,0.0,Queen Elizabeth II shakes hands with @POTUS and @FLOTUS during their visit to Windsor Castle.‚Ä¶ https://t.co/J4YgkCUWCp,31
332,-0.4592,0.222,0.778,@FoxNews,0.0,".@RepRussell: ""If we can't trust our own law enforcers, then we're in serious trouble."" #OutnumberedOT https://t.co/V1eyMQe9oW",32
333,0.0,0.0,1.0,@FoxNews,0.0,Former FBI lawyer Lisa Page arrives to face lawmakers over anti-Trump texts; Catherine Herridge reports. https://t.co/yMZvVAfnjh,33
334,0.0,0.0,1.0,@FoxNews,0.0,"RT @FoxBusiness: Rosenstein: ""We follow the rule of law, which means that we follow procedures and we reserve judgement."" https://t.co/atCs‚Ä¶",34
335,0.0,0.0,1.0,@FoxNews,0.0,".@BradSherman: ""We need to educate people not to believe everything that's on the Internet."" #OutnumberedOT https://t.co/kxDYBrDpix",35
336,0.0,0.0,1.0,@FoxNews,0.0,A Manhattanhenge sunset is seen from Pershing Square Bridge on Park Avenue over 42nd Street in New York City. (via‚Ä¶ https://t.co/2V84j9nLFF,36
337,0.0,0.0,1.0,@FoxNews,0.0,".@RepLeeZeldin: ""Russia meddles... We should be concerned about cyber-security."" #OutnumberedOT https://t.co/zedMheeoGh",37
338,0.0,0.0,1.0,@FoxNews,0.0,"Russian officers indicted for allegedly hacking Clinton campaign, DNC emails https://t.co/wRRBnQldkd",38
339,0.4019,0.0,0.856,@FoxNews,0.144,".@dagenmcdowell: ""Peter Strzok testified that Bob Mueller, special counsel, never asked him about specific texts, n‚Ä¶ https://t.co/EiKXvZGm66",39
340,0.4588,0.0,0.87,@FoxNews,0.13,Queen Elizabeth II poses for a photo with @POTUS and @FLOTUS in the Grand Corridor during their visit to Windsor Ca‚Ä¶ https://t.co/7V0dvva25o,40
341,0.0,0.0,1.0,@FoxNews,0.0,Fox News Poll: 59% believe @POTUS should meet with Putin. https://t.co/uUSi1Zg277,41
342,0.0,0.0,1.0,@FoxNews,0.0,".@RCamposDuffy: ""This happened under Obama's watch."" #Outnumbered https://t.co/fjcBtk1D5N",42
343,0.5719,0.0,0.821,@FoxNews,0.179,"Moments ago, President @realDonaldTrump with Queen Elizabeth II inspected the Guard of Honour at Windsor Castle in‚Ä¶ https://t.co/bZxsdiCai1",43
344,0.0,0.0,1.0,@FoxNews,0.0,"Moments ago, @PressSec tweeted out this image of @POTUS sitting in Winston Churchill‚Äôs chair. https://t.co/CriO3FMkHP",44
345,0.0,0.0,1.0,@FoxNews,0.0,Deputy Attorney General Rod Rosenstein holds a news conference. https://t.co/NWKE7CHBOm https://t.co/L0enryySaB,45
346,0.4019,0.0,0.828,@FoxNews,0.172,Breaking News: Rosenstein says 12 Russian intel officers indicted in special counsel's probe https://t.co/wRRBnQldkd,46
347,0.0,0.0,1.0,@FoxNews,0.0,".@POTUS, @FLOTUS meet Queen Elizabeth II. https://t.co/qUAUGq5XST",47
348,0.4466,0.0,0.816,@FoxNews,0.184,"NEWS ALERT: @POTUS, @FLOTUS arrive at Windsor Castle to meet Queen Elizabeth II. https://t.co/3NCIe9jcVQ",48
349,0.0,0.0,1.0,@FoxNews,0.0,.@POTUS and @FLOTUS arrive at Windsor Castle to meet with Queen Elizabeth II.  https://t.co/zPd2SMttxw,49
350,0.0772,0.0,0.86,@FoxNews,0.14,The Queen awaits @POTUS's arrival at Windsor Castle. https://t.co/GljdKiRYq1,50
351,0.0,0.0,1.0,@FoxNews,0.0,Happening Now: Awaiting @POTUS's arrival at Windsor Castle. https://t.co/RBrqp5n2sk,51
352,0.4404,0.0,0.854,@FoxNews,0.146,".@RepMarkWalker on @RepCohen's Purple Heart comments: ""I thought it was distasteful and I hope that he's hearing fr‚Ä¶ https://t.co/pA2c0OOx5W",52
353,0.5702,0.0,0.762,@FoxNews,0.238,'I Didn't Stop Talking to God': Katie Arrington Says Faith Helped Her Survive 'Horrific' Car Crash‚Ä¶ https://t.co/s7OO1t7LW2,53
354,0.0,0.0,1.0,@FoxNews,0.0,Ewan McGregor's daughter Clara calls actor's girlfriend a 'piece of trash' https://t.co/H26TsX8Klc,54
355,-0.2732,0.116,0.884,@FoxNews,0.0,.@KimStrassel: Trump could deliver a second tax cut -- without having to deal with Congress. Here's how  https://t.co/DezvZjgkxO,55
356,-0.6249,0.215,0.785,@FoxNews,0.0,"Trump says Putin would not have invaded Crimea if he were president, blasts 'Obama disaster' https://t.co/4sLsprh2st",56
357,-0.7184,0.311,0.53,@FoxNews,0.159,"Ted Bundy's defense attorney says serial killer was 'absolutely born evil,' had a 'death wish' in new doc https://t.co/WK9bxPwISp",57
358,0.4404,0.0,0.861,@FoxNews,0.139,".@POTUS on immigration into Europe: ""I think they better watch themselves because you are changing culture, you are‚Ä¶ https://t.co/31NijyJjlf",58
359,0.0,0.0,1.0,@FoxNews,0.0,".@FLOTUS shakes hands with a British military veteran known as a ""Chelsea Pensioner"" at the Royal Hospital Chelsea‚Ä¶ https://t.co/2U1uXp9AOK",59
360,0.0,0.0,1.0,@FoxNews,0.0,".@POTUS on Putin meeting: ""Will we be talking about meddling? I will absolutely bring that up. I don't think you'll‚Ä¶ https://t.co/jrmvD5Mycb",60
361,0.0,0.0,1.0,@FoxNews,0.0,".@FLOTUS high-fives with a British military veteran known as a ""Chelsea Pensioner"" during a game of bowls at the Ro‚Ä¶ https://t.co/a2BMONrObu",61
362,0.0,0.0,1.0,@FoxNews,0.0,"RT @FoxNewsResearch: üì∫Perry Mason ‚Üí
‚Ä¢American TV series
‚Ä¢Based on mystery writer Erle Stanley Gardner's novels
‚Ä¢Gardner wrote 82 novels
‚Ä¢Ma‚Ä¶",62
363,-0.25,0.105,0.895,@FoxNews,0.0,Happening Now: Tens of thousands of people march in protest to @POTUS's visit to the UK. https://t.co/pjTTLBTZga https://t.co/j7S9FZ01cR,63
364,0.128,0.0,0.914,@FoxNews,0.086,MONDAY: Chris Wallace will conduct an exclusive interview with Russian President Vladimir Putin following the summi‚Ä¶ https://t.co/CoxoWAvLg5,64
365,0.5046,0.0,0.786,@FoxNews,0.214,".@RepRatcliffe: ""Most Americans are glad to see a president standing up for America."" https://t.co/3R9Jnxq2an",65
366,-0.5849,0.296,0.704,@FoxNews,0.0,"RT @FoxBusiness: .@POTUS: ""We have very bad immigration laws."" https://t.co/U6uKrDbywH",66
367,0.4404,0.0,0.791,@FoxNews,0.209,"RT @FoxBusiness: .@theresa_may: ""Overall, immigration has been good for the U.K."" https://t.co/U499eO9FGj",67
368,0.0,0.0,1.0,@FoxNews,0.0,RT @FoxBusiness: #StockAlert: Stocks at the open: https://t.co/FpUqVRLWMZ,68
369,-0.7713,0.426,0.574,@FoxNews,0.0,"RT @FoxBusiness: .@POTUS: ""President Obama failed very badly with Crimea."" https://t.co/lhKBG0biCz",69
370,0.0,0.0,1.0,@FoxNews,0.0,Dems who drafted bill to abolish ICE now say they'll vote against it https://t.co/4FSvKUHiKB,70
371,0.0,0.0,1.0,@FoxNews,0.0,.@POTUS leaves for Windsor Castle @AmericaNewsroom https://t.co/Xrz8pnT2UT,71
372,-0.8555,0.412,0.588,@FoxNews,0.0,"8 endangered black rhinos found dead in Kenya, officials say it's 'a complete disaster' https://t.co/MQXwZ0INuI",72
373,0.3818,0.0,0.874,@FoxNews,0.126,".@FLOTUS helps children to make poppies as she meets British military veterans known as ""Chelsea Pensioners"" at the‚Ä¶ https://t.co/OqWqpfH3zc",73
374,0.0,0.0,1.0,@FoxNews,0.0,.@POTUS leaves for Windsor Castle https://t.co/zWJRAsZZLR,74
375,0.0,0.0,1.0,@FoxNews,0.0,"Trump, May pledge cooperation on trade after explosive interview (via @brookefoxnews) https://t.co/TTHmpIc6H9",75
376,-0.5423,0.241,0.759,@FoxNews,0.0,".@POTUS on pipeline: ""I think it's a horrible thing that Germany's doing."" https://t.co/sGsg9u3WuV",76
377,-0.4767,0.22,0.78,@FoxNews,0.0,"President @realDonaldTrump: ""@CNN is fake news. I don't take questions from CNN."" https://t.co/HMT09CmLXz",77
378,0.5719,0.0,0.791,@FoxNews,0.209,".@POTUS: ""Anything you do, it's always going to be, 'Oh Russia, he loves Russia.'"" https://t.co/G7IoC4n79f",78
379,-0.6249,0.186,0.814,@FoxNews,0.0,"President @realDonaldTrump: ""This was an Obama disaster, and I think if I were president then he would not have tak‚Ä¶ https://t.co/0mp1FXQhxt",79
380,0.6808,0.0,0.741,@FoxNews,0.259,"Reporter: ""Are you giving Russian President Vladimir Putin the upper hand heading into your talks...""

@POTUS: ""See‚Ä¶ https://t.co/o6XS7cGcHx",80
381,0.5481,0.074,0.718,@FoxNews,0.208,".@POTUS: ""We do not have a fair deal with the European Union right now on trade, they treat the United States horri‚Ä¶ https://t.co/96UwFkkV7n",81
382,0.8481,0.0,0.675,@FoxNews,0.325,".@POTUS: ""I am doing a great job... Boris Johnson would be a great Prime Minister. I also said that this incredible‚Ä¶ https://t.co/wIO2Q9c4Aj",82
383,0.1779,0.0,0.855,@FoxNews,0.145,".@POTUS: ""We have been far tougher on Russia than anybody."" https://t.co/GKXu4zx93c",83
384,-0.6115,0.2,0.8,@FoxNews,0.0,".@POTUS: ""[Immigration is] changing the culture, I think it's a very negative thing for Europe... I know it's polit‚Ä¶ https://t.co/5b0rIalpqG",84
385,0.0,0.0,1.0,@FoxNews,0.0,".@POTUS on Putin meeting: ""Will we be talking about meddling? I will absolutely bring that up. I don't think you'll‚Ä¶ https://t.co/FyiWMwjUEs",85
386,0.4404,0.0,0.847,@FoxNews,0.153,"British PM Theresa May: ""Over the years, over all immigration has been good for the UK."" https://t.co/s8Hm8zXavg",86
387,0.7783,0.0,0.702,@FoxNews,0.298,"""The relationship between our two nations is indispensable to our cause of liberty, justice, and peace.""

WATCH:‚Ä¶ https://t.co/nh772bFw7A",87
388,0.6467,0.0,0.726,@FoxNews,0.274,".@POTUS: ""I didn't criticize the Prime Minister. I have a lot of respect for the Prime Minister."" https://t.co/qMGOBdeXCb",88
389,0.7096,0.0,0.781,@FoxNews,0.219,"PM Theresa May: ""At the end of these negotiations, we will ensure that free movement will come to an end. The juris‚Ä¶ https://t.co/K6s3NJHpw7",89
390,0.4404,0.0,0.843,@FoxNews,0.157,"""From the outset, @POTUS has been clear about how he sees the challenges we face, and on many we agree.""

British P‚Ä¶ https://t.co/0PIWchQAmv",90
391,0.3291,0.0,0.903,@FoxNews,0.097,".@POTUS: ""Perhaps the U.K. has left the EU - I don't know what they're going to do but whatever you do is okay with‚Ä¶ https://t.co/GONYHbAg4X",91
392,-0.296,0.268,0.732,@FoxNews,0.0,".@POTUS: ""We have to stop terrorism."" https://t.co/KYgifqkNOK",92
393,0.3612,0.0,0.815,@FoxNews,0.185,".@POTUS: ""We both agree that Iran must never possess a nuclear weapon."" https://t.co/UDW790BDBM",93
394,0.4848,0.062,0.798,@FoxNews,0.14,".@POTUS: ""The U.K. is one of the handful of nations - 5 out of 29, not good but it's going to get better really fas‚Ä¶ https://t.co/U1fpYQz7dW",94
395,0.4404,0.0,0.674,@FoxNews,0.326,".@POTUS: ""That was truly a productive summit."" https://t.co/VHhtGxEusV",95
396,0.7269,0.0,0.679,@FoxNews,0.321,".@POTUS: ""For generations, our predecessors have gathered at this stunning retreat to strengthen a bond that is lik‚Ä¶ https://t.co/7E2hQ1MXrM",96
397,0.3818,0.0,0.852,@FoxNews,0.148,"PM Theresa May: ""It is all of our responsibility to ensure that Trans-Atlantic unity endures."" https://t.co/ALXN6poJI3",97
398,0.4404,0.0,0.849,@FoxNews,0.151,"PM Theresa May: ""From the outset, @POTUS has been clear about how he sees the challenges we face, and on many we ag‚Ä¶ https://t.co/7oKvghYg4x",98
399,0.4767,0.096,0.69,@FoxNews,0.215,"PM Theresa May: ""In particular on Russia, I thanked @POTUS for his support in responding to an appalling use of a n‚Ä¶ https://t.co/F6GLNS77Io",99
400,0.0,0.0,1.0,@nytimes,0.0,‚ÄúHannah Gadsby: Nanette‚Äù has become a word-of-mouth phenomenon. Here's what to read about it. https://t.co/QDm7UvBft2,0
401,-0.2732,0.13,0.87,@nytimes,0.0,RT @NYTMetro: New York's low rate of organ donor registration is causing a transplant nightmare. https://t.co/EjsyBow8wJ,1
402,0.7506,0.0,0.738,@nytimes,0.262,"It took plastic cocoons and anti-anxiety pills, bravery and providence, to save the soccer team. ‚ÄúSo many things co‚Ä¶ https://t.co/tPEqGwIXgV",2
403,0.1779,0.0,0.922,@nytimes,0.078,"The marijuana industry is growing and the stock prices of companies that grow, process and sell it have been rising https://t.co/ofyY7GTMpR",3
404,-0.7152,0.291,0.709,@nytimes,0.0,"RT @nytgraphics: The Mueller investigation so far:
- More than 100 charges
- 32 people and 3 companies charged 
- 5 guilty pleas
- 25 Russi‚Ä¶",4
405,0.7178,0.083,0.652,@nytimes,0.264,The idea that a minor loss can be more motivating than a major win have big implications for how the working class‚Ä¶ https://t.co/FTB3y3rvju,5
406,0.431,0.0,0.831,@nytimes,0.169,It isn't all bad out there. 7 good-news stories that we wrote about this week: https://t.co/ei62GQnv0W,6
407,0.2023,0.133,0.703,@nytimes,0.164,"Modern Love: After being assaulted in a park, a young woman sought refuge in marriage. When that didn‚Äôt work, she s‚Ä¶ https://t.co/8bEDadT4sN",7
408,0.0,0.0,1.0,@nytimes,0.0,European allies have begun to believe that underneath President Trump's bluster there is a strategy: to undercut Eu‚Ä¶ https://t.co/bWlhXjXASV,8
409,0.0,0.0,1.0,@nytimes,0.0,Fact Check: 10 falsehoods from President Trump's news conference with Theresa May https://t.co/rv9qFtSBq0,9
410,-0.6124,0.167,0.833,@nytimes,0.0,RT @NYTSports: Spot the Ball just crushed our Sports Editor's soul. He sits next to the guy who makes it yet scored 12.3%. No one is safe.‚Ä¶,10
411,0.0,0.0,1.0,@nytimes,0.0,üëÄ https://t.co/myKh7yleWb,11
412,-0.5423,0.156,0.844,@nytimes,0.0,McDonald‚Äôs salads have been linked to an intestinal parasite outbreak in the Midwest that has sickened over 100 peo‚Ä¶ https://t.co/MDiBnhLnuD,12
413,0.0,0.0,1.0,@nytimes,0.0,"LeBron James, the longtime nemesis of Kobe Bryant stans, is now the face of the franchise. And they are not impress‚Ä¶ https://t.co/mhtpPetan2",13
414,-0.4767,0.154,0.846,@nytimes,0.0,The British police have found a possible break in the 4-month-old investigation into an attack on a former Russian‚Ä¶ https://t.co/0ZbvYxwzxr,14
415,0.5267,0.0,0.812,@nytimes,0.188,"A special election in Ohio will test the power of the rural vote against the kind of affluent, rapidly growing subu‚Ä¶ https://t.co/7AMqkbVqSO",15
416,-0.2263,0.16,0.84,@nytimes,0.0,"Fact Check: President Trump's criticisms of London's mayor, Sadiq Khan https://t.co/jT1lc9cgMl",16
417,-0.34,0.233,0.636,@nytimes,0.131,"12 Russian intelligence officials have been indicted on charges of conspiracy, money laundering and attempts to bre‚Ä¶ https://t.co/h6ewsU29QY",17
418,-0.34,0.103,0.897,@nytimes,0.0,RT @nytopinion: What Boris Johnson calls the ‚Äúmethod‚Äù in Trump‚Äôs ‚Äúmadness‚Äù is a refusal to listen to inconvenient evidence of the sort prov‚Ä¶,18
419,-0.4588,0.125,0.875,@nytimes,0.0,"RT @katierosman: Meet the plaintiffs. Men's rights activist in California are filing law suits, lots of them, arguing that their civil righ‚Ä¶",19
420,0.0,0.0,1.0,@nytimes,0.0,"RT @anniecorreal: Yeni Gonz√°lez, whose journey to New York we documented in The  Daily, is about to retrieve her three children nearly two‚Ä¶",20
421,0.0,0.0,1.0,@nytimes,0.0,"A ""Downton Abbey"" movie is coming https://t.co/LKOC5QkZ4b",21
422,0.4939,0.141,0.563,@nytimes,0.296,"Found: A 2,000-year-old sarcophagus that was perfectly sealed.
Inside: Unclear. https://t.co/7RiNbIVHxf",22
423,-0.0772,0.071,0.929,@nytimes,0.0,"Option A: Take a dip at the Astoria Pool.  
Option B: Feast on noodles and dumplings in Chinatown. https://t.co/c4RwOOOkoB",23
424,0.0,0.0,1.0,@nytimes,0.0,RT @nytpolitics: The White House has ordered that more lawmakers be given access to classified information about an informant the F.B.I. us‚Ä¶,24
425,0.0,0.0,1.0,@nytimes,0.0,Did you stay up to date this week? Take our news quiz to find out. https://t.co/zW725ZehqS,25
426,-0.2263,0.112,0.888,@nytimes,0.0,RT @NYTSports: Forget video assistant referees. A translation app was the World Cup's biggest technological advance. https://t.co/HZNC5Ls0lk,26
427,-0.3182,0.141,0.859,@nytimes,0.0,"Confused by the Russia investigation? Here are the key themes, dates and people involved. https://t.co/slPMlSqlxL",27
428,0.4767,0.0,0.846,@nytimes,0.154,"RT @peterbakernyt: Mueller indictments of Russians tie the hacking directly to the GRU, the Russian military intelligence agency.",28
429,-0.2732,0.104,0.896,@nytimes,0.0,Rod Rosenstein is discussing the charges during a news conference as President Trump meets with the queen of Englan‚Ä¶ https://t.co/tdXSXGBWUM,29
430,0.3182,0.086,0.766,@nytimes,0.148,"Breaking News: Twelve Russian intelligence officers were charged in the hacking of Democrats‚Äô emails, days before P‚Ä¶ https://t.co/5REI9AAjzn",30
431,0.0,0.0,1.0,@nytimes,0.0,"The TSA agents who search your bags and body at the airport can‚Äôt be sued for misconduct, an appeals court said, be‚Ä¶ https://t.co/vviAED4mB0",31
432,-0.7906,0.286,0.714,@nytimes,0.0,"He first tried to deny he had criticized the prime minister and blamed the media.
He then tried to compensate by la‚Ä¶ https://t.co/55Dxi9NUjl",32
433,-0.296,0.099,0.901,@nytimes,0.0,"""I get discriminated against all the time. No one thinks I‚Äôm a CEO. I sit on a plane and tell somebody, 'Well, I ru‚Ä¶ https://t.co/kq2StHQVIo",33
434,0.0,0.0,1.0,@nytimes,0.0,"Microsoft called for stiffer regulation of facial recognition technology, in a rare case of a tech company urging m‚Ä¶ https://t.co/8RL6rGSRra",34
435,0.0,0.0,1.0,@nytimes,0.0,"In a interview, President Trump castigated Theresa May for her approach to Brexit and said it might jeopardize a tr‚Ä¶ https://t.co/kE9CWXJnTS",35
436,-0.4939,0.144,0.856,@nytimes,0.0,"Tom Price, the former secretary of health and human services, wasted at least $341,000 by billing taxpayers for his‚Ä¶ https://t.co/o5edDB43CH",36
437,0.4939,0.116,0.64,@nytimes,0.244,Pomp and protest: The best photos from President Trump's visit to Europe https://t.co/hFFBIVMz75,37
438,0.3818,0.0,0.86,@nytimes,0.14,"""If I learned one thing from marriage, it‚Äôs that finding a man to protect me isn‚Äôt the answer"" https://t.co/lnRuKjcu8w",38
439,-0.5994,0.163,0.837,@nytimes,0.0,"RT @michikokakutani: My mother‚Äôs family was among the 120,000 Japanese Americans sent to internment camps during World War II. 
With Trump'‚Ä¶",39
440,0.7778,0.0,0.688,@nytimes,0.312,"How ""The Kissing Booth,"" a teen rom-com on Netflix, became one of the summer‚Äôs most popular movies https://t.co/ok0EHOSYv6",40
441,0.0,0.0,1.0,@nytimes,0.0,What has been different about the wildfires in California this year? It's not just the scale and the timing.  https://t.co/fpDzFlAFBF,41
442,0.4215,0.0,0.833,@nytimes,0.167,"Can a social network still offer a platform for politics? Nextdoor, the neighborhood site, hopes so. https://t.co/SVLsUe53lJ",42
443,0.0,0.0,1.0,@nytimes,0.0,RT @nytimesworld: Follow our reporters @CeylanWrites @_StephenCastle @kimidefreytas and @Magraki who are covering President Trump's visit t‚Ä¶,43
444,0.6486,0.0,0.739,@nytimes,0.261,Brits tweeted about their hopes that Prime Minister Theresa May would channel her inner Hugh Grant https://t.co/GSQ4cIXruF,44
445,-0.4939,0.138,0.862,@nytimes,0.0,RT @xanalter: Many dejected Democrats have fantasized about Obama and Biden coming out of political retirement and teaming up. Andrew Shaff‚Ä¶,45
446,-0.4019,0.153,0.847,@nytimes,0.0,"He filled 9,000 bottles with filthy water to draw attention to a Chinese village‚Äôs pollution problem https://t.co/qTuT2SBjYj",46
447,0.0,0.0,1.0,@nytimes,0.0,"Republicans had a plan for Missouri's attorney general, Josh Hawley. He's working on it. https://t.co/48BKWiUOmy",47
448,-0.5563,0.14,0.86,@nytimes,0.0,"‚ÄúShe so ugly I almost threw up. Ew.‚Äù
‚ÄúI was just staring at your bbbooo.....i mean eyes.‚Äù
‚ÄúGo back to the kitchen a‚Ä¶ https://t.co/nIwuNOxDJl",48
449,-0.2732,0.13,0.87,@nytimes,0.0,Gov. Cuomo is ferociously aiming to persuade the electorate that his feminism is sacrosanct https://t.co/6hkzTjhx2q,49
450,0.5972,0.0,0.777,@nytimes,0.223,"""I didn't criticize the prime minister"": President Trump, in the U.K., affirmed his support for Theresa May, after‚Ä¶ https://t.co/0BKAFw0H46",50
451,-0.5707,0.178,0.822,@nytimes,0.0,Stephen Colbert: ‚ÄúThis is the first time I‚Äôve seen Congress as frustrated with Congress as we are!‚Äù https://t.co/LxckMRrNUH,51
452,0.0,0.0,1.0,@nytimes,0.0,"4,500 tech workers, 1 mission: dragging Democratic campaigns into the digital age https://t.co/A3IpuZHMFf",52
453,-0.34,0.118,0.882,@nytimes,0.0,"RT @viaSimonRomero: I went to the U.S.-Mexico border for this story on the immigrant volunteers ‚Äî maids, gardeners, combat vets, constructi‚Ä¶",53
454,0.0,0.0,1.0,@nytimes,0.0,Morning Briefing: It's Friday. Here's what you need to know to start your day. https://t.co/81tEx69feF,54
455,0.0,0.0,1.0,@nytimes,0.0,RT @NYTmag: The New York Times Magazine is looking for full-time teachers who have second jobs year round to supplement their salaries. We‚Ä¶,55
456,-0.5106,0.223,0.711,@nytimes,0.066,The tension and uncertainty surrounding President Trump‚Äôs trip to Britain reached new heights last night. Here's th‚Ä¶ https://t.co/ogj1FfeICI,56
457,0.0,0.0,1.0,@nytimes,0.0,"The giant balloon depicting President Trump as a pouting orange baby took flight in London as part of Britain's ""St‚Ä¶ https://t.co/8Ggd6OG71f",57
458,0.4215,0.0,0.798,@nytimes,0.202,"Jason Kessler, who organized last year‚Äôs white supremacist rally in Charlottesville, said he would actively discour‚Ä¶ https://t.co/MrlttY5Ror",58
459,0.0,0.0,1.0,@nytimes,0.0,He became a punching bag for Republican lawmakers. So why did he offer to testify before them? https://t.co/RbdpKNgIEV,59
460,0.5106,0.0,0.837,@nytimes,0.163,"‚ÄúI still can‚Äôt believe it worked.‚Äù Inside the Thai soccer team's rescue: floating stretchers, anti-anxiety pills an‚Ä¶ https://t.co/ThBk0xA67i",60
461,-0.357,0.142,0.858,@nytimes,0.0,New York has rarely looked as grand and otherworldly as it does in these photographs https://t.co/g9YRQLgISJ,61
462,-0.2263,0.101,0.899,@nytimes,0.0,Many celebrities and politicians found their Twitter followings knocked down a few digits as the company slashed te‚Ä¶ https://t.co/FXHKIH47rb,62
463,-0.6486,0.218,0.782,@nytimes,0.0,"RT @nytimesworld: President Trump breathed new life into his long-running feud with the mayor of London, Sadiq Khan, making harsh comments‚Ä¶",63
464,0.5859,0.0,0.826,@nytimes,0.174,"RT @jennyschuessler: I wrote about ‚ÄúThe Magic of Handwriting,‚Äù a delightful show at the  Morgan Library (which features some handwriting th‚Ä¶",64
465,0.0,0.0,1.0,@nytimes,0.0,This simple side dish takes only 15 minutes to make https://t.co/AV7wodWy0K,65
466,-0.2732,0.333,0.427,@nytimes,0.239,The Quiet Death of Racial Progress https://t.co/oJSMfVHQrg,66
467,0.4767,0.0,0.86,@nytimes,0.14,RT @tackettdc: ‚ÄúThe White House has rebuffed concerns among American intelligence and law enforcement officials and ordered that more lawma‚Ä¶,67
468,0.4574,0.058,0.797,@nytimes,0.146,"Welcome to Summer!: Things to Do in NYC: Astoria for a Pool Day, and Open-Mic Night Plus Dumplings in Chinatown https://t.co/DO3UABWsRY",68
469,0.5574,0.0,0.69,@nytimes,0.31,Brett Kavanaugh‚Äôs Supreme Court Confirmation: Get Caught Up https://t.co/DOPtia4dzn,69
470,-0.296,0.095,0.905,@nytimes,0.0,"‚ÄúIt‚Äôs going to swamp his Twitter feed. There‚Äôs no way he doesn‚Äôt see this,‚Äù an organizer said of the ""Trump Baby."" https://t.co/xhUkayWXck",70
471,0.0,0.0,1.0,@nytimes,0.0,"‚ÄúThe implications of all this are large,‚Äù one paleoanthropologist said. ‚ÄúWe must re-evaluate our understanding of h‚Ä¶ https://t.co/tA4pom0bkB",71
472,-0.4767,0.437,0.563,@nytimes,0.0,Running After a Heart Attack https://t.co/VpACF9TXlu,72
473,-0.4703,0.206,0.702,@nytimes,0.092,RT @nytimesworld: The British know President Trump is a longtime Churchill enthusiast. So it is no accident that Mr. Trump began his visit‚Ä¶,73
474,-0.4404,0.209,0.791,@nytimes,0.0,"With 9,000 Bottles of Dirty ‚ÄòSpring Water,‚Äô a Chinese Artist Gets Results https://t.co/hGGxcc65wI",74
475,-0.2263,0.16,0.84,@nytimes,0.0,"Live Briefing: Trump‚Äôs U.K. Visit: Pomp, Protests and a Bombshell Interview https://t.co/Z2OmQHe3YK",75
476,0.0,0.0,1.0,@nytimes,0.0,"Deloitte employees are calling for the firm to end its consulting for ICE, circulating a petition saying they have‚Ä¶ https://t.co/gbNWrNzCSM",76
477,0.0,0.0,1.0,@nytimes,0.0,Canadians told us exactly how they felt about the Trump administration‚Äôs tariffs and slights against Prime Minister‚Ä¶ https://t.co/s9EjWJGIml,77
478,-0.7506,0.291,0.709,@nytimes,0.0,Residents returning to the destroyed city of Raqqa are figuring out how to live when loss lurks around nearly every‚Ä¶ https://t.co/EJgc8iCAGt,78
479,0.0,0.0,1.0,@nytimes,0.0,Here‚Äôs the full list of 2018 Emmy nominations: https://t.co/LwnHbComhF,79
480,0.0772,0.097,0.793,@nytimes,0.11,A deep sea snail's internal body changes are like no metamorphosis ever observed in any other animal on the planet https://t.co/vTMik7HqM0,80
481,0.0,0.0,1.0,@nytimes,0.0,"RT @dionnesearcey: Paul Biya has been president of Cameroon for 36 years. A U.S. ambassador suggested he think about his legacy, and an upr‚Ä¶",81
482,0.0,0.0,1.0,@nytimes,0.0,Reporter Gardiner Harris found he was both invisible and very much watched during a visit to North Korea. https://t.co/FpJ13gb2Lc,82
483,-0.4588,0.235,0.664,@nytimes,0.102,Bette Nesmith Graham was a terrible typist. So she invented a product that took away the pressure of perfectionism. https://t.co/Cw0PRm4yIx,83
484,0.0,0.0,1.0,@nytimes,0.0,"Britain, Time to Let Go of the ‚ÄòAnglosphere‚Äô https://t.co/LhNwBcC9Jo",84
485,0.0,0.0,1.0,@nytimes,0.0,"The Chinese government's decision to release Liu Xia, widow of the country's most famous dissident, sprung from the‚Ä¶ https://t.co/tbn2zTnetW",85
486,-0.128,0.183,0.657,@nytimes,0.16,RT @alanblinder: The Justice Department has reopened its investigation into the death of Emmett Till. https://t.co/cst7R8jMvV,86
487,0.7346,0.0,0.78,@nytimes,0.22,"RT @julieturkewitz: ‚ÄúWe‚Äôre very lucky that my boss has been friends with the vice president,‚Äù said David Duquette, an aide to the magnate w‚Ä¶",87
488,-0.6705,0.184,0.816,@nytimes,0.0,"Cpl. Joseph Maciel, who was killed by an Afghan soldier on Saturday, was assigned to a unit meant to provide securi‚Ä¶ https://t.co/RRwSrrgVaB",88
489,0.3612,0.0,0.889,@nytimes,0.111,RT @itscaitlinhd: All ‚Äúeligible‚Äù children under 5-years-old have been reunified with their parents. That doesn‚Äôt mean much to people like N‚Ä¶,89
490,0.765,0.0,0.742,@nytimes,0.258,"RT @maggieNYT: When Trump took his official portrait, he giddily told people he thought his frown looked ""like Churchill."" Great @katieroge‚Ä¶",90
491,-0.6808,0.237,0.763,@nytimes,0.0,Bette Nesmith Graham was a terrible typist. She was also an artist who observed that painters covered up mistakes n‚Ä¶ https://t.co/VBh9pB35z7,91
492,-0.6369,0.366,0.634,@nytimes,0.0,"In Troubled Cameroon, U.S. Envoy Is Accused of Election Meddling https://t.co/pXGDWAzcHJ",92
493,-0.1027,0.129,0.765,@nytimes,0.106,9 new books recommended by critics and editors at The New York Times this week https://t.co/l3UnSz0Ajn,93
494,0.0,0.0,1.0,@nytimes,0.0,Astronomers traced a neutrino back to a distant galaxy. ‚ÄúWe have found the first source of cosmic rays.‚Äù https://t.co/fMhKD3n0oG,94
495,-0.3182,0.168,0.733,@nytimes,0.099,A painting worth $1 million has turned up 4 decades after it was stolen from a Manhattan warehouse https://t.co/334A5NHqlB,95
496,0.4019,0.0,0.847,@nytimes,0.153,2 Democratic senators asked federal regulators to investigate the business practices of smart TV manufacturers amid‚Ä¶ https://t.co/QSJBVhkELf,96
497,0.0,0.0,1.0,@nytimes,0.0,"Tech companies have changed the world by building answers to obvious questions ‚Äî but now the obvious, pressing ques‚Ä¶ https://t.co/iCfEVikIcp",97
498,-0.2263,0.101,0.899,@nytimes,0.0,Many celebrities and politicians found their Twitter followings knocked down a few digits as the company slashed te‚Ä¶ https://t.co/IzbV0vNBHT,98
499,0.6249,0.0,0.814,@nytimes,0.186,RT @PamelaPaulNYT: Now you finally get to know which books the great Michiko Kakutani really wants to read. https://t.co/5gQ2abkmTF,99
